form,amplitude,walk_position,cycle_fraction,leg,tripod,interval_role,x,y,z,delta_z,clearance
QUEEN,0.05008305,0.00000000,0.000000,leg_left_front,A,stance,0.46437487,1.50000012,-0.70274967,0.00000000,-0.00000012
QUEEN,0.05008305,0.00000000,0.000000,leg_left_middle,B,return,0.54562503,1.50000000,-0.07850032,0.00000000,0.00000000
QUEEN,0.05008305,0.00000000,0.000000,leg_left_hind,A,stance,0.46437508,1.50000000,-0.01524967,0.00000000,0.00000000
QUEEN,0.05008305,0.00000000,0.000000,leg_right_front,B,return,-0.46437508,1.50000000,-0.42225036,0.00000000,0.00000000
QUEEN,0.05008305,0.00000000,0.000000,leg_right_middle,A,stance,-0.54562503,1.50000000,-0.35899967,0.00000000,0.00000000
QUEEN,0.05008305,0.00000000,0.000000,leg_right_hind,B,return,-0.46437487,1.50000012,0.26524964,0.00000000,-0.00000012
QUEEN,0.05008305,0.03506242,0.015625,leg_left_front,A,stance,0.46437493,1.50000000,-0.69398409,0.00876558,0.00000000
QUEEN,0.05008305,0.03506242,0.015625,leg_left_middle,B,return,0.54562497,1.49744213,-0.08726593,-0.00876561,0.00255787
QUEEN,0.05008305,0.03506242,0.015625,leg_left_hind,A,stance,0.46437505,1.50000012,-0.00648406,0.00876561,-0.00000012
QUEEN,0.05008305,0.03506242,0.015625,leg_right_front,B,return,-0.46437499,1.49744225,-0.43101594,-0.00876558,0.00255775
QUEEN,0.05008305,0.03506242,0.015625,leg_right_middle,A,stance,-0.54562497,1.50000012,-0.35023406,0.00876561,-0.00000012
QUEEN,0.05008305,0.03506242,0.015625,leg_right_hind,B,return,-0.46437496,1.49744213,0.25648406,-0.00876558,0.00255787
QUEEN,0.05008305,0.07012483,0.031250,leg_left_front,A,stance,0.46437505,1.50000012,-0.68521851,0.00876558,-0.00000012
QUEEN,0.05008305,0.07012483,0.031250,leg_left_middle,B,return,0.54562497,1.49490905,-0.09603153,-0.00876560,0.00509095
QUEEN,0.05008305,0.07012483,0.031250,leg_left_hind,A,stance,0.46437496,1.50000000,0.00228154,0.00876560,0.00000000
QUEEN,0.05008305,0.07012483,0.031250,leg_right_front,B,return,-0.46437496,1.49490893,-0.43978155,-0.00876561,0.00509107
QUEEN,0.05008305,0.07012483,0.031250,leg_right_middle,A,stance,-0.54562503,1.49999988,-0.34146845,0.00876561,0.00000012
QUEEN,0.05008305,0.07012483,0.031250,leg_right_hind,B,return,-0.46437505,1.49490905,0.24771848,-0.00876558,0.00509095
QUEEN,0.05008305,0.10518725,0.046875,leg_left_front,A,stance,0.46437499,1.49999988,-0.67645293,0.00876558,0.00000012
QUEEN,0.05008305,0.10518725,0.046875,leg_left_middle,B,return,0.54562497,1.49242485,-0.10479714,-0.00876561,0.00757515
QUEEN,0.05008305,0.10518725,0.046875,leg_left_hind,A,stance,0.46437499,1.49999988,0.01104714,0.00876560,0.00000012
QUEEN,0.05008305,0.10518725,0.046875,leg_right_front,B,return,-0.46437496,1.49242485,-0.44854712,-0.00876558,0.00757515
QUEEN,0.05008305,0.10518725,0.046875,leg_right_middle,A,stance,-0.54562503,1.50000012,-0.33270288,0.00876558,-0.00000012
QUEEN,0.05008305,0.10518725,0.046875,leg_right_hind,B,return,-0.46437499,1.49242473,0.23895289,-0.00876559,0.00757527
QUEEN,0.05008305,0.14024967,0.062500,leg_left_front,A,stance,0.46437502,1.49999988,-0.66768724,0.00876570,0.00000012
QUEEN,0.05008305,0.14024967,0.062500,leg_left_middle,B,return,0.54562503,1.49001360,-0.11356273,-0.00876559,0.00998640
QUEEN,0.05008305,0.14024967,0.062500,leg_left_hind,A,stance,0.46437496,1.50000000,0.01981275,0.00876561,0.00000000
QUEEN,0.05008305,0.14024967,0.062500,leg_right_front,B,return,-0.46437496,1.49001360,-0.45731276,-0.00876564,0.00998640
QUEEN,0.05008305,0.14024967,0.062500,leg_right_middle,A,stance,-0.54562503,1.49999988,-0.32393724,0.00876564,0.00000012
QUEEN,0.05008305,0.14024967,0.062500,leg_right_hind,B,return,-0.46437502,1.49001372,0.23018727,-0.00876562,0.00998628
QUEEN,0.05008305,0.17531209,0.078125,leg_left_front,A,stance,0.46437502,1.49999988,-0.65892166,0.00876558,0.00000012
QUEEN,0.05008305,0.17531209,0.078125,leg_left_middle,B,return,0.54562509,1.48769867,-0.12232833,-0.00876559,0.01230133
QUEEN,0.05008305,0.17531209,0.078125,leg_left_hind,A,stance,0.46437493,1.50000012,0.02857835,0.00876560,-0.00000012
QUEEN,0.05008305,0.17531209,0.078125,leg_right_front,B,return,-0.46437496,1.48769867,-0.46607834,-0.00876558,0.01230133
QUEEN,0.05008305,0.17531209,0.078125,leg_right_middle,A,stance,-0.54562509,1.50000000,-0.31517166,0.00876558,0.00000000
QUEEN,0.05008305,0.17531209,0.078125,leg_right_hind,B,return,-0.46437502,1.48769867,0.22142167,-0.00876559,0.01230133
QUEEN,0.05008305,0.21037450,0.093750,leg_left_front,A,stance,0.46437496,1.50000000,-0.65015608,0.00876558,0.00000000
QUEEN,0.05008305,0.21037450,0.093750,leg_left_middle,B,return,0.54562497,1.48550212,-0.13109396,-0.00876564,0.01449788
QUEEN,0.05008305,0.21037450,0.093750,leg_left_hind,A,stance,0.46437496,1.50000000,0.03734396,0.00876561,0.00000000
QUEEN,0.05008305,0.21037450,0.093750,leg_right_front,B,return,-0.46437505,1.48550212,-0.47484398,-0.00876564,0.01449788
QUEEN,0.05008305,0.21037450,0.093750,leg_right_middle,A,stance,-0.54562497,1.50000000,-0.30640602,0.00876564,0.00000000
QUEEN,0.05008305,0.21037450,0.093750,leg_right_hind,B,return,-0.46437493,1.48550212,0.21265604,-0.00876564,0.01449788
QUEEN,0.05008305,0.24543692,0.109375,leg_left_front,A,stance,0.46437499,1.50000000,-0.64139044,0.00876564,0.00000000
QUEEN,0.05008305,0.24543692,0.109375,leg_left_middle,B,return,0.54562509,1.48344517,-0.13985956,-0.00876559,0.01655483
QUEEN,0.05008305,0.24543692,0.109375,leg_left_hind,A,stance,0.46437502,1.50000012,0.04610956,0.00876560,-0.00000012
QUEEN,0.05008305,0.24543692,0.109375,leg_right_front,B,return,-0.46437505,1.48344517,-0.48360956,-0.00876558,0.01655483
QUEEN,0.05008305,0.24543692,0.109375,leg_right_middle,A,stance,-0.54562497,1.50000000,-0.29764041,0.00876561,0.00000000
QUEEN,0.05008305,0.24543692,0.109375,leg_right_hind,B,return,-0.46437499,1.48344517,0.20389046,-0.00876558,0.01655483
QUEEN,0.05008305,0.28049934,0.125000,leg_left_front,A,stance,0.46437499,1.49999988,-0.63262480,0.00876564,0.00000012
QUEEN,0.05008305,0.28049934,0.125000,leg_left_middle,B,return,0.54562491,1.48154759,-0.14862517,-0.00876561,0.01845241
QUEEN,0.05008305,0.28049934,0.125000,leg_left_hind,A,stance,0.46437511,1.50000000,0.05487518,0.00876562,0.00000000
QUEEN,0.05008305,0.28049934,0.125000,leg_right_front,B,return,-0.46437499,1.48154759,-0.49237517,-0.00876561,0.01845241
QUEEN,0.05008305,0.28049934,0.125000,leg_right_middle,A,stance,-0.54562503,1.49999988,-0.28887480,0.00876561,0.00000012
QUEEN,0.05008305,0.28049934,0.125000,leg_right_hind,B,return,-0.46437502,1.48154759,0.19512483,-0.00876562,0.01845241
QUEEN,0.05008305,0.31556177,0.140625,leg_left_front,A,stance,0.46437493,1.50000000,-0.62385917,0.00876564,0.00000000
QUEEN,0.05008305,0.31556177,0.140625,leg_left_middle,B,return,0.54562503,1.47982776,-0.15739077,-0.00876561,0.02017224
QUEEN,0.05008305,0.31556177,0.140625,leg_left_hind,A,stance,0.46437493,1.50000000,0.06364076,0.00876557,0.00000000
QUEEN,0.05008305,0.31556177,0.140625,leg_right_front,B,return,-0.46437499,1.47982788,-0.50114077,-0.00876561,0.02017212
QUEEN,0.05008305,0.31556177,0.140625,leg_right_middle,A,stance,-0.54562497,1.49999988,-0.28010923,0.00876558,0.00000012
QUEEN,0.05008305,0.31556177,0.140625,leg_right_hind,B,return,-0.46437496,1.47982788,0.18635921,-0.00876562,0.02017212
QUEEN,0.05008305,0.35062417,0.156250,leg_left_front,A,stance,0.46437499,1.50000000,-0.61509365,0.00876552,0.00000000
QUEEN,0.05008305,0.35062417,0.156250,leg_left_middle,B,return,0.54562503,1.47830248,-0.16615635,-0.00876558,0.02169752
QUEEN,0.05008305,0.35062417,0.156250,leg_left_hind,A,stance,0.46437499,1.49999988,0.07240638,0.00876562,0.00000012
QUEEN,0.05008305,0.35062417,0.156250,leg_right_front,B,return,-0.46437487,1.47830236,-0.50990635,-0.00876558,0.02169764
QUEEN,0.05008305,0.35062417,0.156250,leg_right_middle,A,stance,-0.54562503,1.50000000,-0.27134365,0.00876558,0.00000000
QUEEN,0.05008305,0.35062417,0.156250,leg_right_hind,B,return,-0.46437499,1.47830248,0.17759362,-0.00876559,0.02169752
QUEEN,0.05008305,0.38568658,0.171875,leg_left_front,A,stance,0.46437499,1.49999988,-0.60632807,0.00876558,0.00000012
QUEEN,0.05008305,0.38568658,0.171875,leg_left_middle,B,return,0.54562497,1.47698569,-0.17492196,-0.00876561,0.02301431
QUEEN,0.05008305,0.38568658,0.171875,leg_left_hind,A,stance,0.46437505,1.49999988,0.08117200,0.00876562,0.00000012
QUEEN,0.05008305,0.38568658,0.171875,leg_right_front,B,return,-0.46437499,1.47698581,-0.51867199,-0.00876564,0.02301419
QUEEN,0.05008305,0.38568658,0.171875,leg_right_middle,A,stance,-0.54562497,1.49999988,-0.26257801,0.00876564,0.00000012
QUEEN,0.05008305,0.38568658,0.171875,leg_right_hind,B,return,-0.46437493,1.47698581,0.16882801,-0.00876561,0.02301419
QUEEN,0.05008305,0.42074901,0.187500,leg_left_front,A,stance,0.46437499,1.49999988,-0.59756243,0.00876564,0.00000012
QUEEN,0.05008305,0.42074901,0.187500,leg_left_middle,B,return,0.54562497,1.47589099,-0.18368758,-0.00876562,0.02410901
QUEEN,0.05008305,0.42074901,0.187500,leg_left_hind,A,stance,0.46437502,1.50000000,0.08993761,0.00876561,0.00000000
QUEEN,0.05008305,0.42074901,0.187500,leg_right_front,B,return,-0.46437496,1.47589087,-0.52743763,-0.00876564,0.02410913
QUEEN,0.05008305,0.42074901,0.187500,leg_right_middle,A,stance,-0.54562509,1.50000000,-0.25381240,0.00876561,0.00000000
QUEEN,0.05008305,0.42074901,0.187500,leg_right_hind,B,return,-0.46437502,1.47589087,0.16006243,-0.00876558,0.02410913
QUEEN,0.05008305,0.45581144,0.203125,leg_left_front,A,stance,0.46437502,1.50000012,-0.58879685,0.00876558,-0.00000012
QUEEN,0.05008305,0.45581144,0.203125,leg_left_middle,B,return,0.54562503,1.47502804,-0.19245318,-0.00876559,0.02497196
QUEEN,0.05008305,0.45581144,0.203125,leg_left_hind,A,stance,0.46437505,1.50000000,0.09870319,0.00876558,0.00000000
QUEEN,0.05008305,0.45581144,0.203125,leg_right_front,B,return,-0.46437505,1.47502804,-0.53620321,-0.00876558,0.02497196
QUEEN,0.05008305,0.45581144,0.203125,leg_right_middle,A,stance,-0.54562497,1.49999988,-0.24504681,0.00876559,0.00000012
QUEEN,0.05008305,0.45581144,0.203125,leg_right_hind,B,return,-0.46437502,1.47502816,0.15129682,-0.00876561,0.02497184
QUEEN,0.05008305,0.49087384,0.218750,leg_left_front,A,stance,0.46437496,1.50000012,-0.58003122,0.00876564,-0.00000012
QUEEN,0.05008305,0.49087384,0.218750,leg_left_middle,B,return,0.54562497,1.47440588,-0.20121878,-0.00876561,0.02559412
QUEEN,0.05008305,0.49087384,0.218750,leg_left_hind,A,stance,0.46437496,1.50000000,0.10746878,0.00876559,0.00000000
QUEEN,0.05008305,0.49087384,0.218750,leg_right_front,B,return,-0.46437499,1.47440565,-0.54496884,-0.00876564,0.02559435
QUEEN,0.05008305,0.49087384,0.218750,leg_right_middle,A,stance,-0.54562491,1.50000000,-0.23628122,0.00876559,0.00000000
QUEEN,0.05008305,0.49087384,0.218750,leg_right_hind,B,return,-0.46437496,1.47440588,0.14253119,-0.00876564,0.02559412
QUEEN,0.05008305,0.52593625,0.234375,leg_left_front,A,stance,0.46437493,1.50000000,-0.57126558,0.00876564,0.00000000
QUEEN,0.05008305,0.52593625,0.234375,leg_left_middle,B,return,0.54562503,1.47403002,-0.20998439,-0.00876561,0.02596998
QUEEN,0.05008305,0.52593625,0.234375,leg_left_hind,A,stance,0.46437496,1.50000000,0.11623438,0.00876561,0.00000000
QUEEN,0.05008305,0.52593625,0.234375,leg_right_front,B,return,-0.46437490,1.47403014,-0.55373442,-0.00876558,0.02596986
QUEEN,0.05008305,0.52593625,0.234375,leg_right_middle,A,stance,-0.54562491,1.50000000,-0.22751561,0.00876561,0.00000000
QUEEN,0.05008305,0.52593625,0.234375,leg_right_hind,B,return,-0.46437496,1.47402990,0.13376559,-0.00876559,0.02597010
QUEEN,0.05008305,0.56099868,0.250000,leg_left_front,A,stance,0.46437499,1.50000012,-0.56250000,0.00876558,-0.00000012
QUEEN,0.05008305,0.56099868,0.250000,leg_left_middle,B,return,0.54562503,1.47390437,-0.21875000,-0.00876561,0.02609563
QUEEN,0.05008305,0.56099868,0.250000,leg_left_hind,A,stance,0.46437499,1.50000012,0.12500000,0.00876562,-0.00000012
QUEEN,0.05008305,0.56099868,0.250000,leg_right_front,B,return,-0.46437499,1.47390437,-0.56250000,-0.00876558,0.02609563
QUEEN,0.05008305,0.56099868,0.250000,leg_right_middle,A,stance,-0.54562503,1.49999988,-0.21875000,0.00876561,0.00000012
QUEEN,0.05008305,0.56099868,0.250000,leg_right_hind,B,return,-0.46437499,1.47390437,0.12500000,-0.00876559,0.02609563
QUEEN,0.05008305,0.59606111,0.265625,leg_left_front,A,stance,0.46437496,1.50000000,-0.55373436,0.00876564,0.00000000
QUEEN,0.05008305,0.59606111,0.265625,leg_left_middle,B,return,0.54562503,1.47403002,-0.22751561,-0.00876561,0.02596998
QUEEN,0.05008305,0.59606111,0.265625,leg_left_hind,A,stance,0.46437493,1.50000000,0.13376559,0.00876559,0.00000000
QUEEN,0.05008305,0.59606111,0.265625,leg_right_front,B,return,-0.46437496,1.47402990,-0.57126564,-0.00876564,0.02597010
QUEEN,0.05008305,0.59606111,0.265625,leg_right_middle,A,stance,-0.54562491,1.50000000,-0.20998441,0.00876559,0.00000000
QUEEN,0.05008305,0.59606111,0.265625,leg_right_hind,B,return,-0.46437490,1.47403014,0.11623437,-0.00876563,0.02596986
QUEEN,0.05008305,0.63112354,0.281250,leg_left_front,A,stance,0.46437496,1.50000000,-0.54496878,0.00876558,0.00000000
QUEEN,0.05008305,0.63112354,0.281250,leg_left_middle,B,return,0.54562497,1.47440588,-0.23628122,-0.00876561,0.02559412
QUEEN,0.05008305,0.63112354,0.281250,leg_left_hind,A,stance,0.46437496,1.50000012,0.14253120,0.00876561,-0.00000012
QUEEN,0.05008305,0.63112354,0.281250,leg_right_front,B,return,-0.46437496,1.47440588,-0.58003122,-0.00876558,0.02559412
QUEEN,0.05008305,0.63112354,0.281250,leg_right_middle,A,stance,-0.54562491,1.50000000,-0.20121878,0.00876562,0.00000000
QUEEN,0.05008305,0.63112354,0.281250,leg_right_hind,B,return,-0.46437499,1.47440565,0.10746880,-0.00876557,0.02559435
QUEEN,0.05008305,0.66618592,0.296875,leg_left_front,A,stance,0.46437505,1.50000000,-0.53620321,0.00876558,0.00000000
QUEEN,0.05008305,0.66618592,0.296875,leg_left_middle,B,return,0.54562503,1.47502804,-0.24504682,-0.00876561,0.02497196
QUEEN,0.05008305,0.66618592,0.296875,leg_left_hind,A,stance,0.46437502,1.50000012,0.15129684,0.00876564,-0.00000012
QUEEN,0.05008305,0.66618592,0.296875,leg_right_front,B,return,-0.46437502,1.47502816,-0.58879685,-0.00876564,0.02497184
QUEEN,0.05008305,0.66618592,0.296875,leg_right_middle,A,stance,-0.54562497,1.49999988,-0.19245321,0.00876558,0.00000012
QUEEN,0.05008305,0.66618592,0.296875,leg_right_hind,B,return,-0.46437505,1.47502804,0.09870320,-0.00876560,0.02497196
QUEEN,0.05008305,0.70124835,0.312500,leg_left_front,A,stance,0.46437502,1.50000000,-0.52743763,0.00876558,0.00000000
QUEEN,0.05008305,0.70124835,0.312500,leg_left_middle,B,return,0.54562497,1.47589099,-0.25381243,-0.00876561,0.02410901
QUEEN,0.05008305,0.70124835,0.312500,leg_left_hind,A,stance,0.46437499,1.49999988,0.16006242,0.00876558,0.00000012
QUEEN,0.05008305,0.70124835,0.312500,leg_right_front,B,return,-0.46437502,1.47589087,-0.59756243,-0.00876558,0.02410913
QUEEN,0.05008305,0.70124835,0.312500,leg_right_middle,A,stance,-0.54562509,1.50000000,-0.18368758,0.00876562,0.00000000
QUEEN,0.05008305,0.70124835,0.312500,leg_right_hind,B,return,-0.46437496,1.47589087,0.08993759,-0.00876561,0.02410913
QUEEN,0.05008305,0.73631078,0.328125,leg_left_front,A,stance,0.46437505,1.49999988,-0.51867199,0.00876564,0.00000012
QUEEN,0.05008305,0.73631078,0.328125,leg_left_middle,B,return,0.54562497,1.47698569,-0.26257801,-0.00876558,0.02301431
QUEEN,0.05008305,0.73631078,0.328125,leg_left_hind,A,stance,0.46437499,1.49999988,0.16882804,0.00876562,0.00000012
QUEEN,0.05008305,0.73631078,0.328125,leg_right_front,B,return,-0.46437493,1.47698581,-0.60632801,-0.00876558,0.02301419
QUEEN,0.05008305,0.73631078,0.328125,leg_right_middle,A,stance,-0.54562497,1.49999988,-0.17492197,0.00876561,0.00000012
QUEEN,0.05008305,0.73631078,0.328125,leg_right_hind,B,return,-0.46437499,1.47698581,0.08117198,-0.00876561,0.02301419
QUEEN,0.05008305,0.77137315,0.343750,leg_left_front,A,stance,0.46437502,1.49999988,-0.50990641,0.00876558,0.00000012
QUEEN,0.05008305,0.77137315,0.343750,leg_left_middle,B,return,0.54562503,1.47830248,-0.27134362,-0.00876561,0.02169752
QUEEN,0.05008305,0.77137315,0.343750,leg_left_hind,A,stance,0.46437499,1.50000000,0.17759360,0.00876556,0.00000000
QUEEN,0.05008305,0.77137315,0.343750,leg_right_front,B,return,-0.46437499,1.47830236,-0.61509359,-0.00876558,0.02169764
QUEEN,0.05008305,0.77137315,0.343750,leg_right_middle,A,stance,-0.54562503,1.50000000,-0.16615638,0.00876559,0.00000000
QUEEN,0.05008305,0.77137315,0.343750,leg_right_hind,B,return,-0.46437496,1.47830248,0.07240638,-0.00876560,0.02169752
QUEEN,0.05008305,0.80643559,0.359375,leg_left_front,A,stance,0.46437493,1.50000000,-0.50114077,0.00876564,0.00000000
QUEEN,0.05008305,0.80643559,0.359375,leg_left_middle,B,return,0.54562503,1.47982776,-0.28010923,-0.00876561,0.02017224
QUEEN,0.05008305,0.80643559,0.359375,leg_left_hind,A,stance,0.46437493,1.50000000,0.18635920,0.00876559,0.00000000
QUEEN,0.05008305,0.80643559,0.359375,leg_right_front,B,return,-0.46437496,1.47982788,-0.62385917,-0.00876558,0.02017212
QUEEN,0.05008305,0.80643559,0.359375,leg_right_middle,A,stance,-0.54562497,1.49999988,-0.15739079,0.00876559,0.00000012
QUEEN,0.05008305,0.80643559,0.359375,leg_right_hind,B,return,-0.46437499,1.47982788,0.06364077,-0.00876561,0.02017212
QUEEN,0.05008305,0.84149802,0.375000,leg_left_front,A,stance,0.46437511,1.50000000,-0.49237520,0.00876558,0.00000000
QUEEN,0.05008305,0.84149802,0.375000,leg_left_middle,B,return,0.54562491,1.48154759,-0.28887483,-0.00876561,0.01845241
QUEEN,0.05008305,0.84149802,0.375000,leg_left_hind,A,stance,0.46437499,1.49999988,0.19512483,0.00876564,0.00000012
QUEEN,0.05008305,0.84149802,0.375000,leg_right_front,B,return,-0.46437502,1.48154759,-0.63262480,-0.00876564,0.01845241
QUEEN,0.05008305,0.84149802,0.375000,leg_right_middle,A,stance,-0.54562503,1.49999988,-0.14862518,0.00876561,0.00000012
QUEEN,0.05008305,0.84149802,0.375000,leg_right_hind,B,return,-0.46437499,1.48154759,0.05487517,-0.00876561,0.01845241
QUEEN,0.05008305,0.87656045,0.390625,leg_left_front,A,stance,0.46437502,1.50000012,-0.48360956,0.00876564,-0.00000012
QUEEN,0.05008305,0.87656045,0.390625,leg_left_middle,B,return,0.54562509,1.48344517,-0.29764044,-0.00876561,0.01655483
QUEEN,0.05008305,0.87656045,0.390625,leg_left_hind,A,stance,0.46437499,1.50000000,0.20389046,0.00876562,0.00000000
QUEEN,0.05008305,0.87656045,0.390625,leg_right_front,B,return,-0.46437499,1.48344517,-0.64139044,-0.00876564,0.01655483
QUEEN,0.05008305,0.87656045,0.390625,leg_right_middle,A,stance,-0.54562497,1.50000000,-0.13985959,0.00876559,0.00000000
QUEEN,0.05008305,0.87656045,0.390625,leg_right_hind,B,return,-0.46437505,1.48344517,0.04610956,-0.00876560,0.01655483
QUEEN,0.05008305,0.91162288,0.406250,leg_left_front,A,stance,0.46437496,1.50000000,-0.47484395,0.00876561,0.00000000
QUEEN,0.05008305,0.91162288,0.406250,leg_left_middle,B,return,0.54562497,1.48550212,-0.30640605,-0.00876561,0.01449788
QUEEN,0.05008305,0.91162288,0.406250,leg_left_hind,A,stance,0.46437496,1.50000000,0.21265607,0.00876561,0.00000000
QUEEN,0.05008305,0.91162288,0.406250,leg_right_front,B,return,-0.46437493,1.48550212,-0.65015602,-0.00876558,0.01449788
QUEEN,0.05008305,0.91162288,0.406250,leg_right_middle,A,stance,-0.54562497,1.50000000,-0.13109396,0.00876562,0.00000000
QUEEN,0.05008305,0.91162288,0.406250,leg_right_hind,B,return,-0.46437505,1.48550212,0.03734396,-0.00876560,0.01449788
QUEEN,0.05008305,0.94668525,0.421875,leg_left_front,A,stance,0.46437499,1.50000012,-0.46607837,0.00876558,-0.00000012
QUEEN,0.05008305,0.94668525,0.421875,leg_left_middle,B,return,0.54562509,1.48769867,-0.31517169,-0.00876564,0.01230133
QUEEN,0.05008305,0.94668525,0.421875,leg_left_hind,A,stance,0.46437502,1.49999988,0.22142167,0.00876561,0.00000012
QUEEN,0.05008305,0.94668525,0.421875,leg_right_front,B,return,-0.46437502,1.48769867,-0.65892166,-0.00876564,0.01230133
QUEEN,0.05008305,0.94668525,0.421875,leg_right_middle,A,stance,-0.54562509,1.50000000,-0.12232835,0.00876562,0.00000000
QUEEN,0.05008305,0.94668525,0.421875,leg_right_hind,B,return,-0.46437496,1.48769867,0.02857835,-0.00876561,0.01230133
QUEEN,0.05008305,0.98174769,0.437500,leg_left_front,A,stance,0.46437496,1.50000000,-0.45731276,0.00876561,0.00000000
QUEEN,0.05008305,0.98174769,0.437500,leg_left_middle,B,return,0.54562503,1.49001360,-0.32393727,-0.00876558,0.00998640
QUEEN,0.05008305,0.98174769,0.437500,leg_left_hind,A,stance,0.46437502,1.49999988,0.23018724,0.00876556,0.00000012
QUEEN,0.05008305,0.98174769,0.437500,leg_right_front,B,return,-0.46437502,1.49001372,-0.66768724,-0.00876558,0.00998628
QUEEN,0.05008305,0.98174769,0.437500,leg_right_middle,A,stance,-0.54562503,1.49999988,-0.11356276,0.00876559,0.00000012
QUEEN,0.05008305,0.98174769,0.437500,leg_right_hind,B,return,-0.46437496,1.49001360,0.01981275,-0.00876560,0.00998640
QUEEN,0.05008305,1.01681006,0.453125,leg_left_front,A,stance,0.46437499,1.49999988,-0.44854715,0.00876561,0.00000012
QUEEN,0.05008305,1.01681006,0.453125,leg_left_middle,B,return,0.54562491,1.49242485,-0.33270282,-0.00876555,0.00757515
QUEEN,0.05008305,1.01681006,0.453125,leg_left_hind,A,stance,0.46437499,1.49999988,0.23895288,0.00876564,0.00000012
QUEEN,0.05008305,1.01681006,0.453125,leg_right_front,B,return,-0.46437496,1.49242473,-0.67645288,-0.00876564,0.00757527
QUEEN,0.05008305,1.01681006,0.453125,leg_right_middle,A,stance,-0.54562503,1.50000012,-0.10479715,0.00876560,-0.00000012
QUEEN,0.05008305,1.01681006,0.453125,leg_right_hind,B,return,-0.46437496,1.49242485,0.01104715,-0.00876560,0.00757515
QUEEN,0.05008305,1.05187249,0.468750,leg_left_front,A,stance,0.46437496,1.50000000,-0.43978155,0.00876561,0.00000000
QUEEN,0.05008305,1.05187249,0.468750,leg_left_middle,B,return,0.54562497,1.49490905,-0.34146845,-0.00876564,0.00509095
QUEEN,0.05008305,1.05187249,0.468750,leg_left_hind,A,stance,0.46437505,1.50000012,0.24771845,0.00876558,-0.00000012
QUEEN,0.05008305,1.05187249,0.468750,leg_right_front,B,return,-0.46437505,1.49490905,-0.68521845,-0.00876558,0.00509095
QUEEN,0.05008305,1.05187249,0.468750,leg_right_middle,A,stance,-0.54562503,1.49999988,-0.09603153,0.00876562,0.00000012
QUEEN,0.05008305,1.05187249,0.468750,leg_right_hind,B,return,-0.46437496,1.49490893,0.00228155,-0.00876560,0.00509107
QUEEN,0.05008305,1.08693492,0.484375,leg_left_front,A,stance,0.46437505,1.50000012,-0.43101597,0.00876558,-0.00000012
QUEEN,0.05008305,1.08693492,0.484375,leg_left_middle,B,return,0.54562497,1.49744213,-0.35023406,-0.00876561,0.00255787
QUEEN,0.05008305,1.08693492,0.484375,leg_left_hind,A,stance,0.46437493,1.50000000,0.25648406,0.00876561,0.00000000
QUEEN,0.05008305,1.08693492,0.484375,leg_right_front,B,return,-0.46437496,1.49744213,-0.69398403,-0.00876558,0.00255787
QUEEN,0.05008305,1.08693492,0.484375,leg_right_middle,A,stance,-0.54562497,1.50000012,-0.08726595,0.00876559,-0.00000012
QUEEN,0.05008305,1.08693492,0.484375,leg_right_hind,B,return,-0.46437499,1.49744225,-0.00648406,-0.00876561,0.00255775
QUEEN,0.05008305,1.12199736,0.500000,leg_left_front,A,stance,0.46437508,1.50000000,-0.42225036,0.00876561,0.00000000
QUEEN,0.05008305,1.12199736,0.500000,leg_left_middle,B,return,0.54562503,1.50000000,-0.35899967,-0.00876561,0.00000000
QUEEN,0.05008305,1.12199736,0.500000,leg_left_hind,A,stance,0.46437487,1.50000012,0.26524964,0.00876558,-0.00000012
QUEEN,0.05008305,1.12199736,0.500000,leg_right_front,B,return,-0.46437487,1.50000012,-0.70274967,-0.00876564,-0.00000012
QUEEN,0.05008305,1.12199736,0.500000,leg_right_middle,A,stance,-0.54562503,1.50000000,-0.07850032,0.00876562,0.00000000
QUEEN,0.05008305,1.12199736,0.500000,leg_right_hind,B,return,-0.46437508,1.50000000,-0.01524967,-0.00876560,0.00000000
QUEEN,0.05008305,1.15705979,0.515625,leg_left_front,A,return,0.46437499,1.49744225,-0.43101594,-0.00876558,0.00255775
QUEEN,0.05008305,1.15705979,0.515625,leg_left_middle,B,stance,0.54562497,1.50000012,-0.35023406,0.00876561,-0.00000012
QUEEN,0.05008305,1.15705979,0.515625,leg_left_hind,A,return,0.46437496,1.49744213,0.25648406,-0.00876558,0.00255787
QUEEN,0.05008305,1.15705979,0.515625,leg_right_front,B,stance,-0.46437493,1.50000000,-0.69398409,0.00876558,0.00000000
QUEEN,0.05008305,1.15705979,0.515625,leg_right_middle,A,return,-0.54562497,1.49744213,-0.08726593,-0.00876561,0.00255787
QUEEN,0.05008305,1.15705979,0.515625,leg_right_hind,B,stance,-0.46437505,1.50000012,-0.00648406,0.00876561,-0.00000012
QUEEN,0.05008305,1.19212222,0.531250,leg_left_front,A,return,0.46437496,1.49490893,-0.43978155,-0.00876561,0.00509107
QUEEN,0.05008305,1.19212222,0.531250,leg_left_middle,B,stance,0.54562503,1.49999988,-0.34146845,0.00876561,0.00000012
QUEEN,0.05008305,1.19212222,0.531250,leg_left_hind,A,return,0.46437505,1.49490905,0.24771848,-0.00876558,0.00509095
QUEEN,0.05008305,1.19212222,0.531250,leg_right_front,B,stance,-0.46437505,1.50000012,-0.68521851,0.00876558,-0.00000012
QUEEN,0.05008305,1.19212222,0.531250,leg_right_middle,A,return,-0.54562497,1.49490905,-0.09603153,-0.00876560,0.00509095
QUEEN,0.05008305,1.19212222,0.531250,leg_right_hind,B,stance,-0.46437496,1.50000000,0.00228154,0.00876560,0.00000000
QUEEN,0.05008305,1.22718465,0.546875,leg_left_front,A,return,0.46437496,1.49242485,-0.44854712,-0.00876558,0.00757515
QUEEN,0.05008305,1.22718465,0.546875,leg_left_middle,B,stance,0.54562503,1.50000012,-0.33270288,0.00876558,-0.00000012
QUEEN,0.05008305,1.22718465,0.546875,leg_left_hind,A,return,0.46437496,1.49242473,0.23895286,-0.00876562,0.00757527
QUEEN,0.05008305,1.22718465,0.546875,leg_right_front,B,stance,-0.46437499,1.49999988,-0.67645288,0.00876564,0.00000012
QUEEN,0.05008305,1.22718465,0.546875,leg_right_middle,A,return,-0.54562491,1.49242485,-0.10479715,-0.00876562,0.00757515
QUEEN,0.05008305,1.22718465,0.546875,leg_right_hind,B,stance,-0.46437499,1.49999988,0.01104715,0.00876561,0.00000012
QUEEN,0.05008305,1.26224709,0.562500,leg_left_front,A,return,0.46437496,1.49001360,-0.45731276,-0.00876564,0.00998640
QUEEN,0.05008305,1.26224709,0.562500,leg_left_middle,B,stance,0.54562503,1.49999988,-0.32393724,0.00876564,0.00000012
QUEEN,0.05008305,1.26224709,0.562500,leg_left_hind,A,return,0.46437502,1.49001372,0.23018727,-0.00876559,0.00998628
QUEEN,0.05008305,1.26224709,0.562500,leg_right_front,B,stance,-0.46437502,1.49999988,-0.66768724,0.00876564,0.00000012
QUEEN,0.05008305,1.26224709,0.562500,leg_right_middle,A,return,-0.54562503,1.49001360,-0.11356275,-0.00876559,0.00998640
QUEEN,0.05008305,1.26224709,0.562500,leg_right_hind,B,stance,-0.46437502,1.50000000,0.01981277,0.00876562,0.00000000
QUEEN,0.05008305,1.29730940,0.578125,leg_left_front,A,return,0.46437496,1.48769867,-0.46607834,-0.00876558,0.01230133
QUEEN,0.05008305,1.29730940,0.578125,leg_left_middle,B,stance,0.54562509,1.50000000,-0.31517169,0.00876555,0.00000000
QUEEN,0.05008305,1.29730940,0.578125,leg_left_hind,A,return,0.46437502,1.48769867,0.22142167,-0.00876559,0.01230133
QUEEN,0.05008305,1.29730940,0.578125,leg_right_front,B,stance,-0.46437502,1.49999988,-0.65892166,0.00876558,0.00000012
QUEEN,0.05008305,1.29730940,0.578125,leg_right_middle,A,return,-0.54562509,1.48769867,-0.12232831,-0.00876556,0.01230133
QUEEN,0.05008305,1.29730940,0.578125,leg_right_hind,B,stance,-0.46437493,1.50000012,0.02857833,0.00876556,-0.00000012
QUEEN,0.05008305,1.33237183,0.593750,leg_left_front,A,return,0.46437505,1.48550212,-0.47484395,-0.00876561,0.01449788
QUEEN,0.05008305,1.33237183,0.593750,leg_left_middle,B,stance,0.54562497,1.50000000,-0.30640605,0.00876564,0.00000000
QUEEN,0.05008305,1.33237183,0.593750,leg_left_hind,A,return,0.46437493,1.48550212,0.21265604,-0.00876564,0.01449788
QUEEN,0.05008305,1.33237183,0.593750,leg_right_front,B,stance,-0.46437496,1.50000000,-0.65015608,0.00876558,0.00000000
QUEEN,0.05008305,1.33237183,0.593750,leg_right_middle,A,return,-0.54562497,1.48550212,-0.13109395,-0.00876564,0.01449788
QUEEN,0.05008305,1.33237183,0.593750,leg_right_hind,B,stance,-0.46437496,1.50000000,0.03734395,0.00876561,0.00000000
QUEEN,0.05008305,1.36743426,0.609375,leg_left_front,A,return,0.46437505,1.48344517,-0.48360956,-0.00876561,0.01655483
QUEEN,0.05008305,1.36743426,0.609375,leg_left_middle,B,stance,0.54562497,1.50000000,-0.29764041,0.00876564,0.00000000
QUEEN,0.05008305,1.36743426,0.609375,leg_left_hind,A,return,0.46437499,1.48344517,0.20389046,-0.00876558,0.01655483
QUEEN,0.05008305,1.36743426,0.609375,leg_right_front,B,stance,-0.46437499,1.50000000,-0.64139044,0.00876564,0.00000000
QUEEN,0.05008305,1.36743426,0.609375,leg_right_middle,A,return,-0.54562509,1.48344517,-0.13985954,-0.00876559,0.01655483
QUEEN,0.05008305,1.36743426,0.609375,leg_right_hind,B,stance,-0.46437502,1.50000012,0.04610955,0.00876560,-0.00000012
QUEEN,0.05008305,1.40249670,0.625000,leg_left_front,A,return,0.46437499,1.48154759,-0.49237517,-0.00876561,0.01845241
QUEEN,0.05008305,1.40249670,0.625000,leg_left_middle,B,stance,0.54562503,1.49999988,-0.28887483,0.00876558,0.00000012
QUEEN,0.05008305,1.40249670,0.625000,leg_left_hind,A,return,0.46437502,1.48154759,0.19512483,-0.00876562,0.01845241
QUEEN,0.05008305,1.40249670,0.625000,leg_right_front,B,stance,-0.46437499,1.49999988,-0.63262480,0.00876564,0.00000012
QUEEN,0.05008305,1.40249670,0.625000,leg_right_middle,A,return,-0.54562491,1.48154759,-0.14862517,-0.00876562,0.01845241
QUEEN,0.05008305,1.40249670,0.625000,leg_right_hind,B,stance,-0.46437511,1.50000000,0.05487516,0.00876562,0.00000000
QUEEN,0.05008305,1.43755913,0.640625,leg_left_front,A,return,0.46437499,1.47982788,-0.50114077,-0.00876561,0.02017212
QUEEN,0.05008305,1.43755913,0.640625,leg_left_middle,B,stance,0.54562497,1.49999988,-0.28010923,0.00876561,0.00000012
QUEEN,0.05008305,1.43755913,0.640625,leg_left_hind,A,return,0.46437496,1.47982788,0.18635921,-0.00876562,0.02017212
QUEEN,0.05008305,1.43755913,0.640625,leg_right_front,B,stance,-0.46437493,1.50000000,-0.62385917,0.00876564,0.00000000
QUEEN,0.05008305,1.43755913,0.640625,leg_right_middle,A,return,-0.54562503,1.47982776,-0.15739077,-0.00876561,0.02017224
QUEEN,0.05008305,1.43755913,0.640625,leg_right_hind,B,stance,-0.46437493,1.50000000,0.06364075,0.00876559,0.00000000
QUEEN,0.05008305,1.47262156,0.656250,leg_left_front,A,return,0.46437496,1.47830248,-0.50990635,-0.00876558,0.02169752
QUEEN,0.05008305,1.47262156,0.656250,leg_left_middle,B,stance,0.54562503,1.50000000,-0.27134365,0.00876558,0.00000000
QUEEN,0.05008305,1.47262156,0.656250,leg_left_hind,A,return,0.46437499,1.47830236,0.17759360,-0.00876561,0.02169764
QUEEN,0.05008305,1.47262156,0.656250,leg_right_front,B,stance,-0.46437499,1.50000000,-0.61509359,0.00876558,0.00000000
QUEEN,0.05008305,1.47262156,0.656250,leg_right_middle,A,return,-0.54562503,1.47830248,-0.16615637,-0.00876559,0.02169752
QUEEN,0.05008305,1.47262156,0.656250,leg_right_hind,B,stance,-0.46437502,1.49999988,0.07240639,0.00876564,0.00000012
QUEEN,0.05008305,1.50768399,0.671875,leg_left_front,A,return,0.46437499,1.47698581,-0.51867199,-0.00876564,0.02301419
QUEEN,0.05008305,1.50768399,0.671875,leg_left_middle,B,stance,0.54562497,1.49999988,-0.26257801,0.00876564,0.00000012
QUEEN,0.05008305,1.50768399,0.671875,leg_left_hind,A,return,0.46437505,1.47698569,0.16882804,-0.00876556,0.02301431
QUEEN,0.05008305,1.50768399,0.671875,leg_right_front,B,stance,-0.46437505,1.49999988,-0.60632807,0.00876552,0.00000012
QUEEN,0.05008305,1.50768399,0.671875,leg_right_middle,A,return,-0.54562497,1.47698569,-0.17492199,-0.00876562,0.02301431
QUEEN,0.05008305,1.50768399,0.671875,leg_right_hind,B,stance,-0.46437505,1.49999988,0.08117200,0.00876562,0.00000012
QUEEN,0.05008305,1.54274631,0.687500,leg_left_front,A,return,0.46437496,1.47589087,-0.52743751,-0.00876552,0.02410913
QUEEN,0.05008305,1.54274631,0.687500,leg_left_middle,B,stance,0.54562509,1.50000000,-0.25381243,0.00876558,0.00000000
QUEEN,0.05008305,1.54274631,0.687500,leg_left_hind,A,return,0.46437502,1.47589087,0.16006246,-0.00876558,0.02410913
QUEEN,0.05008305,1.54274631,0.687500,leg_right_front,B,stance,-0.46437499,1.49999988,-0.59756243,0.00876564,0.00000012
QUEEN,0.05008305,1.54274631,0.687500,leg_right_middle,A,return,-0.54562497,1.47589099,-0.18368757,-0.00876558,0.02410901
QUEEN,0.05008305,1.54274631,0.687500,leg_right_hind,B,stance,-0.46437502,1.50000000,0.08993758,0.00876558,0.00000000
QUEEN,0.05008305,1.57780874,0.703125,leg_left_front,A,return,0.46437505,1.47502804,-0.53620321,-0.00876570,0.02497196
QUEEN,0.05008305,1.57780874,0.703125,leg_left_middle,B,stance,0.54562497,1.49999988,-0.24504682,0.00876561,0.00000012
QUEEN,0.05008305,1.57780874,0.703125,leg_left_hind,A,return,0.46437502,1.47502816,0.15129684,-0.00876562,0.02497184
QUEEN,0.05008305,1.57780874,0.703125,leg_right_front,B,stance,-0.46437502,1.50000012,-0.58879685,0.00876558,-0.00000012
QUEEN,0.05008305,1.57780874,0.703125,leg_right_middle,A,return,-0.54562503,1.47502804,-0.19245316,-0.00876559,0.02497196
QUEEN,0.05008305,1.57780874,0.703125,leg_right_hind,B,stance,-0.46437505,1.50000000,0.09870319,0.00876561,0.00000000
QUEEN,0.05008305,1.61287117,0.718750,leg_left_front,A,return,0.46437499,1.47440565,-0.54496884,-0.00876564,0.02559435
QUEEN,0.05008305,1.61287117,0.718750,leg_left_middle,B,stance,0.54562491,1.50000000,-0.23628123,0.00876559,0.00000000
QUEEN,0.05008305,1.61287117,0.718750,leg_left_hind,A,return,0.46437496,1.47440588,0.14253119,-0.00876565,0.02559412
QUEEN,0.05008305,1.61287117,0.718750,leg_right_front,B,stance,-0.46437496,1.50000012,-0.58003122,0.00876564,-0.00000012
QUEEN,0.05008305,1.61287117,0.718750,leg_right_middle,A,return,-0.54562497,1.47440588,-0.20121877,-0.00876561,0.02559412
QUEEN,0.05008305,1.61287117,0.718750,leg_right_hind,B,stance,-0.46437496,1.50000000,0.10746878,0.00876559,0.00000000
QUEEN,0.05008305,1.64793360,0.734375,leg_left_front,A,return,0.46437490,1.47403014,-0.55373442,-0.00876558,0.02596986
QUEEN,0.05008305,1.64793360,0.734375,leg_left_middle,B,stance,0.54562491,1.50000000,-0.22751561,0.00876562,0.00000000
QUEEN,0.05008305,1.64793360,0.734375,leg_left_hind,A,return,0.46437496,1.47402990,0.13376559,-0.00876559,0.02597010
QUEEN,0.05008305,1.64793360,0.734375,leg_right_front,B,stance,-0.46437493,1.50000000,-0.57126558,0.00876564,0.00000000
QUEEN,0.05008305,1.64793360,0.734375,leg_right_middle,A,return,-0.54562503,1.47403002,-0.20998438,-0.00876561,0.02596998
QUEEN,0.05008305,1.64793360,0.734375,leg_right_hind,B,stance,-0.46437496,1.50000000,0.11623438,0.00876561,0.00000000
QUEEN,0.05008305,1.68299603,0.750000,leg_left_front,A,return,0.46437499,1.47390437,-0.56250000,-0.00876558,0.02609563
QUEEN,0.05008305,1.68299603,0.750000,leg_left_middle,B,stance,0.54562503,1.49999988,-0.21875000,0.00876561,0.00000012
QUEEN,0.05008305,1.68299603,0.750000,leg_left_hind,A,return,0.46437499,1.47390437,0.12500000,-0.00876559,0.02609563
QUEEN,0.05008305,1.68299603,0.750000,leg_right_front,B,stance,-0.46437499,1.50000012,-0.56250000,0.00876558,-0.00000012
QUEEN,0.05008305,1.68299603,0.750000,leg_right_middle,A,return,-0.54562503,1.47390437,-0.21875000,-0.00876562,0.02609563
QUEEN,0.05008305,1.68299603,0.750000,leg_right_hind,B,stance,-0.46437499,1.50000012,0.12500000,0.00876562,-0.00000012
QUEEN,0.05008305,1.71805847,0.765625,leg_left_front,A,return,0.46437496,1.47402990,-0.57126564,-0.00876564,0.02597010
QUEEN,0.05008305,1.71805847,0.765625,leg_left_middle,B,stance,0.54562491,1.50000000,-0.20998441,0.00876559,0.00000000
QUEEN,0.05008305,1.71805847,0.765625,leg_left_hind,A,return,0.46437490,1.47403014,0.11623437,-0.00876563,0.02596986
QUEEN,0.05008305,1.71805847,0.765625,leg_right_front,B,stance,-0.46437496,1.50000000,-0.55373436,0.00876564,0.00000000
QUEEN,0.05008305,1.71805847,0.765625,leg_right_middle,A,return,-0.54562503,1.47403002,-0.22751561,-0.00876561,0.02596998
QUEEN,0.05008305,1.71805847,0.765625,leg_right_hind,B,stance,-0.46437493,1.50000000,0.13376559,0.00876559,0.00000000
QUEEN,0.05008305,1.75312090,0.781250,leg_left_front,A,return,0.46437496,1.47440588,-0.58003122,-0.00876558,0.02559412
QUEEN,0.05008305,1.75312090,0.781250,leg_left_middle,B,stance,0.54562491,1.50000000,-0.20121878,0.00876562,0.00000000
QUEEN,0.05008305,1.75312090,0.781250,leg_left_hind,A,return,0.46437499,1.47440565,0.10746880,-0.00876557,0.02559435
QUEEN,0.05008305,1.75312090,0.781250,leg_right_front,B,stance,-0.46437496,1.50000000,-0.54496878,0.00876558,0.00000000
QUEEN,0.05008305,1.75312090,0.781250,leg_right_middle,A,return,-0.54562497,1.47440588,-0.23628122,-0.00876561,0.02559412
QUEEN,0.05008305,1.75312090,0.781250,leg_right_hind,B,stance,-0.46437496,1.50000012,0.14253120,0.00876561,-0.00000012
QUEEN,0.05008305,1.78818333,0.796875,leg_left_front,A,return,0.46437502,1.47502816,-0.58879685,-0.00876564,0.02497184
QUEEN,0.05008305,1.78818333,0.796875,leg_left_middle,B,stance,0.54562497,1.49999988,-0.19245319,0.00876559,0.00000012
QUEEN,0.05008305,1.78818333,0.796875,leg_left_hind,A,return,0.46437505,1.47502804,0.09870319,-0.00876561,0.02497196
QUEEN,0.05008305,1.78818333,0.796875,leg_right_front,B,stance,-0.46437505,1.50000000,-0.53620321,0.00876558,0.00000000
QUEEN,0.05008305,1.78818333,0.796875,leg_right_middle,A,return,-0.54562503,1.47502804,-0.24504682,-0.00876561,0.02497196
QUEEN,0.05008305,1.78818333,0.796875,leg_right_hind,B,stance,-0.46437502,1.50000012,0.15129684,0.00876564,-0.00000012
QUEEN,0.05008305,1.82324576,0.812500,leg_left_front,A,return,0.46437502,1.47589087,-0.59756243,-0.00876558,0.02410913
QUEEN,0.05008305,1.82324576,0.812500,leg_left_middle,B,stance,0.54562509,1.50000000,-0.18368757,0.00876562,0.00000000
QUEEN,0.05008305,1.82324576,0.812500,leg_left_hind,A,return,0.46437496,1.47589087,0.08993758,-0.00876561,0.02410913
QUEEN,0.05008305,1.82324576,0.812500,leg_right_front,B,stance,-0.46437502,1.50000000,-0.52743763,0.00876558,0.00000000
QUEEN,0.05008305,1.82324576,0.812500,leg_right_middle,A,return,-0.54562497,1.47589099,-0.25381243,-0.00876561,0.02410901
QUEEN,0.05008305,1.82324576,0.812500,leg_right_hind,B,stance,-0.46437499,1.49999988,0.16006243,0.00876559,0.00000012
QUEEN,0.05008305,1.85830808,0.828125,leg_left_front,A,return,0.46437505,1.47698569,-0.60632807,-0.00876564,0.02301431
QUEEN,0.05008305,1.85830808,0.828125,leg_left_middle,B,stance,0.54562497,1.49999988,-0.17492199,0.00876558,0.00000012
QUEEN,0.05008305,1.85830808,0.828125,leg_left_hind,A,return,0.46437499,1.47698581,0.08117200,-0.00876558,0.02301419
QUEEN,0.05008305,1.85830808,0.828125,leg_right_front,B,stance,-0.46437505,1.49999988,-0.51867205,0.00876558,0.00000012
QUEEN,0.05008305,1.85830808,0.828125,leg_right_middle,A,return,-0.54562497,1.47698569,-0.26257801,-0.00876558,0.02301431
QUEEN,0.05008305,1.85830808,0.828125,leg_right_hind,B,stance,-0.46437505,1.49999988,0.16882804,0.00876561,0.00000012
QUEEN,0.05008305,1.89337051,0.843750,leg_left_front,A,return,0.46437499,1.47830236,-0.61509359,-0.00876552,0.02169764
QUEEN,0.05008305,1.89337051,0.843750,leg_left_middle,B,stance,0.54562503,1.50000000,-0.16615638,0.00876561,0.00000000
QUEEN,0.05008305,1.89337051,0.843750,leg_left_hind,A,return,0.46437496,1.47830248,0.07240639,-0.00876562,0.02169752
QUEEN,0.05008305,1.89337051,0.843750,leg_right_front,B,stance,-0.46437502,1.49999988,-0.50990641,0.00876564,0.00000012
QUEEN,0.05008305,1.89337051,0.843750,leg_right_middle,A,return,-0.54562503,1.47830248,-0.27134362,-0.00876561,0.02169752
QUEEN,0.05008305,1.89337051,0.843750,leg_right_hind,B,stance,-0.46437499,1.50000000,0.17759360,0.00876556,0.00000000
QUEEN,0.05008305,1.92843294,0.859375,leg_left_front,A,return,0.46437496,1.47982788,-0.62385917,-0.00876558,0.02017212
QUEEN,0.05008305,1.92843294,0.859375,leg_left_middle,B,stance,0.54562497,1.49999988,-0.15739079,0.00876559,0.00000012
QUEEN,0.05008305,1.92843294,0.859375,leg_left_hind,A,return,0.46437499,1.47982788,0.06364078,-0.00876561,0.02017212
QUEEN,0.05008305,1.92843294,0.859375,leg_right_front,B,stance,-0.46437493,1.50000000,-0.50114077,0.00876564,0.00000000
QUEEN,0.05008305,1.92843294,0.859375,leg_right_middle,A,return,-0.54562503,1.47982776,-0.28010923,-0.00876561,0.02017224
QUEEN,0.05008305,1.92843294,0.859375,leg_right_hind,B,stance,-0.46437493,1.50000000,0.18635920,0.00876559,0.00000000
QUEEN,0.05008305,1.96349537,0.875000,leg_left_front,A,return,0.46437502,1.48154759,-0.63262480,-0.00876564,0.01845241
QUEEN,0.05008305,1.96349537,0.875000,leg_left_middle,B,stance,0.54562503,1.49999988,-0.14862518,0.00876561,0.00000012
QUEEN,0.05008305,1.96349537,0.875000,leg_left_hind,A,return,0.46437499,1.48154759,0.05487517,-0.00876561,0.01845241
QUEEN,0.05008305,1.96349537,0.875000,leg_right_front,B,stance,-0.46437511,1.50000000,-0.49237520,0.00876558,0.00000000
QUEEN,0.05008305,1.96349537,0.875000,leg_right_middle,A,return,-0.54562491,1.48154759,-0.28887480,-0.00876558,0.01845241
QUEEN,0.05008305,1.96349537,0.875000,leg_right_hind,B,stance,-0.46437499,1.49999988,0.19512483,0.00876564,0.00000012
QUEEN,0.05008305,1.99855781,0.890625,leg_left_front,A,return,0.46437499,1.48344517,-0.64139044,-0.00876564,0.01655483
QUEEN,0.05008305,1.99855781,0.890625,leg_left_middle,B,stance,0.54562497,1.50000000,-0.13985959,0.00876559,0.00000000
QUEEN,0.05008305,1.99855781,0.890625,leg_left_hind,A,return,0.46437505,1.48344517,0.04610957,-0.00876560,0.01655483
QUEEN,0.05008305,1.99855781,0.890625,leg_right_front,B,stance,-0.46437502,1.50000012,-0.48360956,0.00876564,-0.00000012
QUEEN,0.05008305,1.99855781,0.890625,leg_right_middle,A,return,-0.54562509,1.48344517,-0.29764044,-0.00876564,0.01655483
QUEEN,0.05008305,1.99855781,0.890625,leg_right_hind,B,stance,-0.46437499,1.50000000,0.20389046,0.00876562,0.00000000
QUEEN,0.05008305,2.03362012,0.906250,leg_left_front,A,return,0.46437496,1.48550212,-0.65015596,-0.00876552,0.01449788
QUEEN,0.05008305,2.03362012,0.906250,leg_left_middle,B,stance,0.54562497,1.50000000,-0.13109399,0.00876559,0.00000000
QUEEN,0.05008305,2.03362012,0.906250,leg_left_hind,A,return,0.46437508,1.48550200,0.03734400,-0.00876557,0.01449800
QUEEN,0.05008305,2.03362012,0.906250,leg_right_front,B,stance,-0.46437496,1.50000000,-0.47484398,0.00876558,0.00000000
QUEEN,0.05008305,2.03362012,0.906250,leg_right_middle,A,return,-0.54562503,1.48550200,-0.30640602,-0.00876558,0.01449800
QUEEN,0.05008305,2.03362012,0.906250,leg_right_hind,B,stance,-0.46437496,1.50000000,0.21265604,0.00876558,0.00000000
QUEEN,0.05008305,2.06868267,0.921875,leg_left_front,A,return,0.46437502,1.48769867,-0.65892166,-0.00876570,0.01230133
QUEEN,0.05008305,2.06868267,0.921875,leg_left_middle,B,stance,0.54562509,1.50000000,-0.12232835,0.00876565,0.00000000
QUEEN,0.05008305,2.06868267,0.921875,leg_left_hind,A,return,0.46437496,1.48769867,0.02857834,-0.00876566,0.01230133
QUEEN,0.05008305,2.06868267,0.921875,leg_right_front,B,stance,-0.46437493,1.50000012,-0.46607834,0.00876564,-0.00000012
QUEEN,0.05008305,2.06868267,0.921875,leg_right_middle,A,return,-0.54562509,1.48769867,-0.31517169,-0.00876567,0.01230133
QUEEN,0.05008305,2.06868267,0.921875,leg_right_hind,B,stance,-0.46437502,1.49999988,0.22142167,0.00876564,0.00000012
QUEEN,0.05008305,2.10374498,0.937500,leg_left_front,A,return,0.46437502,1.49001372,-0.66768724,-0.00876558,0.00998628
QUEEN,0.05008305,2.10374498,0.937500,leg_left_middle,B,stance,0.54562503,1.49999988,-0.11356279,0.00876556,0.00000012
QUEEN,0.05008305,2.10374498,0.937500,leg_left_hind,A,return,0.46437496,1.49001360,0.01981277,-0.00876558,0.00998640
QUEEN,0.05008305,2.10374498,0.937500,leg_right_front,B,stance,-0.46437502,1.50000000,-0.45731276,0.00876558,0.00000000
QUEEN,0.05008305,2.10374498,0.937500,leg_right_middle,A,return,-0.54562503,1.49001360,-0.32393724,-0.00876555,0.00998640
QUEEN,0.05008305,2.10374498,0.937500,leg_right_hind,B,stance,-0.46437502,1.49999988,0.23018724,0.00876556,0.00000012
QUEEN,0.05008305,2.13880754,0.953125,leg_left_front,A,return,0.46437499,1.49242473,-0.67645288,-0.00876564,0.00757527
QUEEN,0.05008305,2.13880754,0.953125,leg_left_middle,B,stance,0.54562503,1.50000012,-0.10479712,0.00876566,-0.00000012
QUEEN,0.05008305,2.13880754,0.953125,leg_left_hind,A,return,0.46437496,1.49242485,0.01104713,-0.00876564,0.00757515
QUEEN,0.05008305,2.13880754,0.953125,leg_right_front,B,stance,-0.46437499,1.49999988,-0.44854715,0.00876561,0.00000012
QUEEN,0.05008305,2.13880754,0.953125,leg_right_middle,A,return,-0.54562497,1.49242485,-0.33270285,-0.00876561,0.00757515
QUEEN,0.05008305,2.13880754,0.953125,leg_right_hind,B,stance,-0.46437499,1.49999988,0.23895293,0.00876570,0.00000012
QUEEN,0.05008305,2.17386985,0.968750,leg_left_front,A,return,0.46437496,1.49490905,-0.68521839,-0.00876552,0.00509095
QUEEN,0.05008305,2.17386985,0.968750,leg_left_middle,B,stance,0.54562503,1.49999988,-0.09603154,0.00876559,0.00000012
QUEEN,0.05008305,2.17386985,0.968750,leg_left_hind,A,return,0.46437505,1.49490893,0.00228156,-0.00876557,0.00509107
QUEEN,0.05008305,2.17386985,0.968750,leg_right_front,B,stance,-0.46437496,1.50000000,-0.43978155,0.00876561,0.00000000
QUEEN,0.05008305,2.17386985,0.968750,leg_right_middle,A,return,-0.54562497,1.49490893,-0.34146845,-0.00876561,0.00509107
QUEEN,0.05008305,2.17386985,0.968750,leg_right_hind,B,stance,-0.46437505,1.50000012,0.24771845,0.00876552,-0.00000012
QUEEN,0.05008305,2.20893240,0.984375,leg_left_front,A,return,0.46437502,1.49744213,-0.69398409,-0.00876570,0.00255787
QUEEN,0.05008305,2.20893240,0.984375,leg_left_middle,B,stance,0.54562497,1.50000012,-0.08726592,0.00876562,-0.00000012
QUEEN,0.05008305,2.20893240,0.984375,leg_left_hind,A,return,0.46437496,1.49744225,-0.00648410,-0.00876566,0.00255775
QUEEN,0.05008305,2.20893240,0.984375,leg_right_front,B,stance,-0.46437499,1.50000012,-0.43101594,0.00876561,-0.00000012
QUEEN,0.05008305,2.20893240,0.984375,leg_right_middle,A,return,-0.54562503,1.49744213,-0.35023409,-0.00876564,0.00255787
QUEEN,0.05008305,2.20893240,0.984375,leg_right_hind,B,stance,-0.46437493,1.50000000,0.25648406,0.00876561,0.00000000
QUEEN,0.05008305,2.24399471,1.000000,leg_left_front,A,return,0.46437487,1.50000012,-0.70274967,-0.00876558,-0.00000012
QUEEN,0.05008305,2.24399471,1.000000,leg_left_middle,B,stance,0.54562503,1.50000000,-0.07850032,0.00876559,0.00000000
QUEEN,0.05008305,2.24399471,1.000000,leg_left_hind,A,return,0.46437508,1.50000000,-0.01524967,-0.00876557,0.00000000
QUEEN,0.05008305,2.24399471,1.000000,leg_right_front,B,stance,-0.46437508,1.50000000,-0.42225036,0.00876558,0.00000000
QUEEN,0.05008305,2.24399471,1.000000,leg_right_middle,A,return,-0.54562503,1.50000000,-0.35899967,-0.00876558,0.00000000
QUEEN,0.05008305,2.24399471,1.000000,leg_right_hind,B,stance,-0.46437487,1.50000012,0.26524964,0.00876558,-0.00000012
QUEEN,0.08863010,0.00000000,0.000000,leg_left_front,A,stance,0.46437487,1.50000012,-0.70274967,0.00000000,-0.00000012
QUEEN,0.08863010,0.00000000,0.000000,leg_left_middle,B,return,0.54562503,1.50000000,-0.07850032,0.00000000,0.00000000
QUEEN,0.08863010,0.00000000,0.000000,leg_left_hind,A,stance,0.46437508,1.50000000,-0.01524967,0.00000000,0.00000000
QUEEN,0.08863010,0.00000000,0.000000,leg_right_front,B,return,-0.46437508,1.50000000,-0.42225036,0.00000000,0.00000000
QUEEN,0.08863010,0.00000000,0.000000,leg_right_middle,A,stance,-0.54562503,1.50000000,-0.35899967,0.00000000,0.00000000
QUEEN,0.08863010,0.00000000,0.000000,leg_right_hind,B,return,-0.46437487,1.50000012,0.26524964,0.00000000,-0.00000012
QUEEN,0.08863010,0.03506242,0.015625,leg_left_front,A,stance,0.46437493,1.50000000,-0.69398409,0.00876558,0.00000000
QUEEN,0.08863010,0.03506242,0.015625,leg_left_middle,B,return,0.54562497,1.49735963,-0.08726594,-0.00876562,0.00264037
QUEEN,0.08863010,0.03506242,0.015625,leg_left_hind,A,stance,0.46437505,1.50000012,-0.00648406,0.00876561,-0.00000012
QUEEN,0.08863010,0.03506242,0.015625,leg_right_front,B,return,-0.46437502,1.49735963,-0.43101594,-0.00876558,0.00264037
QUEEN,0.08863010,0.03506242,0.015625,leg_right_middle,A,stance,-0.54562497,1.50000012,-0.35023406,0.00876561,-0.00000012
QUEEN,0.08863010,0.03506242,0.015625,leg_right_hind,B,return,-0.46437490,1.49735940,0.25648403,-0.00876561,0.00264060
QUEEN,0.08863010,0.07012483,0.031250,leg_left_front,A,stance,0.46437505,1.50000012,-0.68521851,0.00876558,-0.00000012
QUEEN,0.08863010,0.07012483,0.031250,leg_left_middle,B,return,0.54562497,1.49474442,-0.09603153,-0.00876559,0.00525558
QUEEN,0.08863010,0.07012483,0.031250,leg_left_hind,A,stance,0.46437496,1.50000000,0.00228154,0.00876560,0.00000000
QUEEN,0.08863010,0.07012483,0.031250,leg_right_front,B,return,-0.46437502,1.49474442,-0.43978155,-0.00876561,0.00525558
QUEEN,0.08863010,0.07012483,0.031250,leg_right_middle,A,stance,-0.54562503,1.49999988,-0.34146845,0.00876561,0.00000012
QUEEN,0.08863010,0.07012483,0.031250,leg_right_hind,B,return,-0.46437496,1.49474454,0.24771844,-0.00876559,0.00525546
QUEEN,0.08863010,0.10518725,0.046875,leg_left_front,A,stance,0.46437499,1.49999988,-0.67645293,0.00876558,0.00000012
QUEEN,0.08863010,0.10518725,0.046875,leg_left_middle,B,return,0.54562497,1.49217999,-0.10479713,-0.00876560,0.00782001
QUEEN,0.08863010,0.10518725,0.046875,leg_left_hind,A,stance,0.46437499,1.49999988,0.01104714,0.00876560,0.00000012
QUEEN,0.08863010,0.10518725,0.046875,leg_right_front,B,return,-0.46437505,1.49218011,-0.44854712,-0.00876558,0.00781989
QUEEN,0.08863010,0.10518725,0.046875,leg_right_middle,A,stance,-0.54562503,1.50000012,-0.33270288,0.00876558,-0.00000012
QUEEN,0.08863010,0.10518725,0.046875,leg_right_hind,B,return,-0.46437502,1.49218011,0.23895292,-0.00876552,0.00781989
QUEEN,0.08863010,0.14024967,0.062500,leg_left_front,A,stance,0.46437502,1.49999988,-0.66768724,0.00876570,0.00000012
QUEEN,0.08863010,0.14024967,0.062500,leg_left_middle,B,return,0.54562509,1.48969090,-0.11356274,-0.00876561,0.01030910
QUEEN,0.08863010,0.14024967,0.062500,leg_left_hind,A,stance,0.46437496,1.50000000,0.01981275,0.00876561,0.00000000
QUEEN,0.08863010,0.14024967,0.062500,leg_right_front,B,return,-0.46437496,1.48969090,-0.45731273,-0.00876561,0.01030910
QUEEN,0.08863010,0.14024967,0.062500,leg_right_middle,A,stance,-0.54562503,1.49999988,-0.32393724,0.00876564,0.00000012
QUEEN,0.08863010,0.14024967,0.062500,leg_right_hind,B,return,-0.46437502,1.48969090,0.23018724,-0.00876568,0.01030910
QUEEN,0.08863010,0.17531209,0.078125,leg_left_front,A,stance,0.46437502,1.49999988,-0.65892166,0.00876558,0.00000012
QUEEN,0.08863010,0.17531209,0.078125,leg_left_middle,B,return,0.54562503,1.48730111,-0.12232835,-0.00876561,0.01269889
QUEEN,0.08863010,0.17531209,0.078125,leg_left_hind,A,stance,0.46437493,1.50000012,0.02857835,0.00876560,-0.00000012
QUEEN,0.08863010,0.17531209,0.078125,leg_right_front,B,return,-0.46437496,1.48730111,-0.46607834,-0.00876561,0.01269889
QUEEN,0.08863010,0.17531209,0.078125,leg_right_middle,A,stance,-0.54562509,1.50000000,-0.31517166,0.00876558,0.00000000
QUEEN,0.08863010,0.17531209,0.078125,leg_right_hind,B,return,-0.46437493,1.48730111,0.22142161,-0.00876562,0.01269889
QUEEN,0.08863010,0.21037450,0.093750,leg_left_front,A,stance,0.46437496,1.50000000,-0.65015608,0.00876558,0.00000000
QUEEN,0.08863010,0.21037450,0.093750,leg_left_middle,B,return,0.54562503,1.48503351,-0.13109398,-0.00876563,0.01496649
QUEEN,0.08863010,0.21037450,0.093750,leg_left_hind,A,stance,0.46437496,1.50000000,0.03734396,0.00876561,0.00000000
QUEEN,0.08863010,0.21037450,0.093750,leg_right_front,B,return,-0.46437502,1.48503351,-0.47484398,-0.00876564,0.01496649
QUEEN,0.08863010,0.21037450,0.093750,leg_right_middle,A,stance,-0.54562497,1.50000000,-0.30640602,0.00876564,0.00000000
QUEEN,0.08863010,0.21037450,0.093750,leg_right_hind,B,return,-0.46437490,1.48503351,0.21265602,-0.00876559,0.01496649
QUEEN,0.08863010,0.24543692,0.109375,leg_left_front,A,stance,0.46437499,1.50000000,-0.64139044,0.00876564,0.00000000
QUEEN,0.08863010,0.24543692,0.109375,leg_left_middle,B,return,0.54562503,1.48291028,-0.13985956,-0.00876558,0.01708972
QUEEN,0.08863010,0.24543692,0.109375,leg_left_hind,A,stance,0.46437502,1.50000012,0.04610956,0.00876560,-0.00000012
QUEEN,0.08863010,0.24543692,0.109375,leg_right_front,B,return,-0.46437508,1.48291004,-0.48360956,-0.00876558,0.01708996
QUEEN,0.08863010,0.24543692,0.109375,leg_right_middle,A,stance,-0.54562497,1.50000000,-0.29764041,0.00876561,0.00000000
QUEEN,0.08863010,0.24543692,0.109375,leg_right_hind,B,return,-0.46437502,1.48291028,0.20389047,-0.00876555,0.01708972
QUEEN,0.08863010,0.28049934,0.125000,leg_left_front,A,stance,0.46437499,1.49999988,-0.63262480,0.00876564,0.00000012
QUEEN,0.08863010,0.28049934,0.125000,leg_left_middle,B,return,0.54562497,1.48095143,-0.14862517,-0.00876561,0.01904857
QUEEN,0.08863010,0.28049934,0.125000,leg_left_hind,A,stance,0.46437511,1.50000000,0.05487518,0.00876562,0.00000000
QUEEN,0.08863010,0.28049934,0.125000,leg_right_front,B,return,-0.46437505,1.48095143,-0.49237520,-0.00876564,0.01904857
QUEEN,0.08863010,0.28049934,0.125000,leg_right_middle,A,stance,-0.54562503,1.49999988,-0.28887480,0.00876561,0.00000012
QUEEN,0.08863010,0.28049934,0.125000,leg_right_hind,B,return,-0.46437499,1.48095143,0.19512483,-0.00876564,0.01904857
QUEEN,0.08863010,0.31556177,0.140625,leg_left_front,A,stance,0.46437493,1.50000000,-0.62385917,0.00876564,0.00000000
QUEEN,0.08863010,0.31556177,0.140625,leg_left_middle,B,return,0.54562503,1.47917604,-0.15739077,-0.00876561,0.02082396
QUEEN,0.08863010,0.31556177,0.140625,leg_left_hind,A,stance,0.46437493,1.50000000,0.06364076,0.00876557,0.00000000
QUEEN,0.08863010,0.31556177,0.140625,leg_right_front,B,return,-0.46437502,1.47917604,-0.50114077,-0.00876558,0.02082396
QUEEN,0.08863010,0.31556177,0.140625,leg_right_middle,A,stance,-0.54562497,1.49999988,-0.28010923,0.00876558,0.00000012
QUEEN,0.08863010,0.31556177,0.140625,leg_right_hind,B,return,-0.46437490,1.47917593,0.18635924,-0.00876559,0.02082407
QUEEN,0.08863010,0.35062417,0.156250,leg_left_front,A,stance,0.46437499,1.50000000,-0.61509365,0.00876552,0.00000000
QUEEN,0.08863010,0.35062417,0.156250,leg_left_middle,B,return,0.54562503,1.47760141,-0.16615637,-0.00876559,0.02239859
QUEEN,0.08863010,0.35062417,0.156250,leg_left_hind,A,stance,0.46437499,1.49999988,0.07240638,0.00876562,0.00000012
QUEEN,0.08863010,0.35062417,0.156250,leg_right_front,B,return,-0.46437502,1.47760117,-0.50990641,-0.00876564,0.02239883
QUEEN,0.08863010,0.35062417,0.156250,leg_right_middle,A,stance,-0.54562503,1.50000000,-0.27134365,0.00876558,0.00000000
QUEEN,0.08863010,0.35062417,0.156250,leg_right_hind,B,return,-0.46437499,1.47760129,0.17759365,-0.00876559,0.02239871
QUEEN,0.08863010,0.38568658,0.171875,leg_left_front,A,stance,0.46437499,1.49999988,-0.60632807,0.00876558,0.00000012
QUEEN,0.08863010,0.38568658,0.171875,leg_left_middle,B,return,0.54562497,1.47624207,-0.17492197,-0.00876561,0.02375793
QUEEN,0.08863010,0.38568658,0.171875,leg_left_hind,A,stance,0.46437505,1.49999988,0.08117200,0.00876562,0.00000012
QUEEN,0.08863010,0.38568658,0.171875,leg_right_front,B,return,-0.46437496,1.47624218,-0.51867199,-0.00876558,0.02375782
QUEEN,0.08863010,0.38568658,0.171875,leg_right_middle,A,stance,-0.54562497,1.49999988,-0.26257801,0.00876564,0.00000012
QUEEN,0.08863010,0.38568658,0.171875,leg_right_hind,B,return,-0.46437490,1.47624207,0.16882800,-0.00876565,0.02375793
QUEEN,0.08863010,0.42074901,0.187500,leg_left_front,A,stance,0.46437499,1.49999988,-0.59756243,0.00876564,0.00000012
QUEEN,0.08863010,0.42074901,0.187500,leg_left_middle,B,return,0.54562503,1.47511172,-0.18368757,-0.00876559,0.02488828
QUEEN,0.08863010,0.42074901,0.187500,leg_left_hind,A,stance,0.46437502,1.50000000,0.08993761,0.00876561,0.00000000
QUEEN,0.08863010,0.42074901,0.187500,leg_right_front,B,return,-0.46437493,1.47511184,-0.52743757,-0.00876558,0.02488816
QUEEN,0.08863010,0.42074901,0.187500,leg_right_middle,A,stance,-0.54562509,1.50000000,-0.25381240,0.00876561,0.00000000
QUEEN,0.08863010,0.42074901,0.187500,leg_right_hind,B,return,-0.46437493,1.47511172,0.16006240,-0.00876559,0.02488828
QUEEN,0.08863010,0.45581144,0.203125,leg_left_front,A,stance,0.46437502,1.50000012,-0.58879685,0.00876558,-0.00000012
QUEEN,0.08863010,0.45581144,0.203125,leg_left_middle,B,return,0.54562497,1.47422111,-0.19245319,-0.00876562,0.02577889
QUEEN,0.08863010,0.45581144,0.203125,leg_left_hind,A,stance,0.46437505,1.50000000,0.09870319,0.00876558,0.00000000
QUEEN,0.08863010,0.45581144,0.203125,leg_right_front,B,return,-0.46437502,1.47422111,-0.53620321,-0.00876564,0.02577889
QUEEN,0.08863010,0.45581144,0.203125,leg_right_middle,A,stance,-0.54562497,1.49999988,-0.24504681,0.00876559,0.00000012
QUEEN,0.08863010,0.45581144,0.203125,leg_right_hind,B,return,-0.46437499,1.47422111,0.15129681,-0.00876559,0.02577889
QUEEN,0.08863010,0.49087384,0.218750,leg_left_front,A,stance,0.46437496,1.50000012,-0.58003122,0.00876564,-0.00000012
QUEEN,0.08863010,0.49087384,0.218750,leg_left_middle,B,return,0.54562497,1.47357881,-0.20121878,-0.00876559,0.02642119
QUEEN,0.08863010,0.49087384,0.218750,leg_left_hind,A,stance,0.46437496,1.50000000,0.10746878,0.00876559,0.00000000
QUEEN,0.08863010,0.49087384,0.218750,leg_right_front,B,return,-0.46437496,1.47357893,-0.54496878,-0.00876558,0.02642107
QUEEN,0.08863010,0.49087384,0.218750,leg_right_middle,A,stance,-0.54562491,1.50000000,-0.23628122,0.00876559,0.00000000
QUEEN,0.08863010,0.49087384,0.218750,leg_right_hind,B,return,-0.46437502,1.47357881,0.14253123,-0.00876558,0.02642119
QUEEN,0.08863010,0.52593625,0.234375,leg_left_front,A,stance,0.46437493,1.50000000,-0.57126558,0.00876564,0.00000000
QUEEN,0.08863010,0.52593625,0.234375,leg_left_middle,B,return,0.54562497,1.47319102,-0.20998439,-0.00876561,0.02680898
QUEEN,0.08863010,0.52593625,0.234375,leg_left_hind,A,stance,0.46437496,1.50000000,0.11623438,0.00876561,0.00000000
QUEEN,0.08863010,0.52593625,0.234375,leg_right_front,B,return,-0.46437496,1.47319102,-0.55373442,-0.00876564,0.02680898
QUEEN,0.08863010,0.52593625,0.234375,leg_right_middle,A,stance,-0.54562491,1.50000000,-0.22751561,0.00876561,0.00000000
QUEEN,0.08863010,0.52593625,0.234375,leg_right_hind,B,return,-0.46437493,1.47319090,0.13376561,-0.00876562,0.02680910
QUEEN,0.08863010,0.56099868,0.250000,leg_left_front,A,stance,0.46437499,1.50000012,-0.56250000,0.00876558,-0.00000012
QUEEN,0.08863010,0.56099868,0.250000,leg_left_middle,B,return,0.54562503,1.47306108,-0.21875000,-0.00876561,0.02693892
QUEEN,0.08863010,0.56099868,0.250000,leg_left_hind,A,stance,0.46437499,1.50000012,0.12500000,0.00876562,-0.00000012
QUEEN,0.08863010,0.56099868,0.250000,leg_right_front,B,return,-0.46437496,1.47306132,-0.56250006,-0.00876564,0.02693868
QUEEN,0.08863010,0.56099868,0.250000,leg_right_middle,A,stance,-0.54562503,1.49999988,-0.21875000,0.00876561,0.00000012
QUEEN,0.08863010,0.56099868,0.250000,leg_right_hind,B,return,-0.46437496,1.47306132,0.12499999,-0.00876562,0.02693868
QUEEN,0.08863010,0.59606111,0.265625,leg_left_front,A,stance,0.46437496,1.50000000,-0.55373436,0.00876564,0.00000000
QUEEN,0.08863010,0.59606111,0.265625,leg_left_middle,B,return,0.54562497,1.47319102,-0.22751561,-0.00876561,0.02680898
QUEEN,0.08863010,0.59606111,0.265625,leg_left_hind,A,stance,0.46437493,1.50000000,0.13376559,0.00876559,0.00000000
QUEEN,0.08863010,0.59606111,0.265625,leg_right_front,B,return,-0.46437493,1.47319090,-0.57126558,-0.00876552,0.02680910
QUEEN,0.08863010,0.59606111,0.265625,leg_right_middle,A,stance,-0.54562491,1.50000000,-0.20998441,0.00876559,0.00000000
QUEEN,0.08863010,0.59606111,0.265625,leg_right_hind,B,return,-0.46437496,1.47319102,0.11623438,-0.00876561,0.02680898
QUEEN,0.08863010,0.63112354,0.281250,leg_left_front,A,stance,0.46437496,1.50000000,-0.54496878,0.00876558,0.00000000
QUEEN,0.08863010,0.63112354,0.281250,leg_left_middle,B,return,0.54562497,1.47357881,-0.23628122,-0.00876561,0.02642119
QUEEN,0.08863010,0.63112354,0.281250,leg_left_hind,A,stance,0.46437496,1.50000012,0.14253120,0.00876561,-0.00000012
QUEEN,0.08863010,0.63112354,0.281250,leg_right_front,B,return,-0.46437502,1.47357881,-0.58003122,-0.00876564,0.02642119
QUEEN,0.08863010,0.63112354,0.281250,leg_right_middle,A,stance,-0.54562491,1.50000000,-0.20121878,0.00876562,0.00000000
QUEEN,0.08863010,0.63112354,0.281250,leg_right_hind,B,return,-0.46437496,1.47357893,0.10746879,-0.00876559,0.02642107
QUEEN,0.08863010,0.66618592,0.296875,leg_left_front,A,stance,0.46437505,1.50000000,-0.53620321,0.00876558,0.00000000
QUEEN,0.08863010,0.66618592,0.296875,leg_left_middle,B,return,0.54562497,1.47422111,-0.24504679,-0.00876558,0.02577889
QUEEN,0.08863010,0.66618592,0.296875,leg_left_hind,A,stance,0.46437502,1.50000012,0.15129684,0.00876564,-0.00000012
QUEEN,0.08863010,0.66618592,0.296875,leg_right_front,B,return,-0.46437499,1.47422111,-0.58879679,-0.00876558,0.02577889
QUEEN,0.08863010,0.66618592,0.296875,leg_right_middle,A,stance,-0.54562497,1.49999988,-0.19245321,0.00876558,0.00000012
QUEEN,0.08863010,0.66618592,0.296875,leg_right_hind,B,return,-0.46437502,1.47422111,0.09870320,-0.00876559,0.02577889
QUEEN,0.08863010,0.70124835,0.312500,leg_left_front,A,stance,0.46437502,1.50000000,-0.52743763,0.00876558,0.00000000
QUEEN,0.08863010,0.70124835,0.312500,leg_left_middle,B,return,0.54562497,1.47511172,-0.25381243,-0.00876564,0.02488828
QUEEN,0.08863010,0.70124835,0.312500,leg_left_hind,A,stance,0.46437499,1.49999988,0.16006242,0.00876558,0.00000012
QUEEN,0.08863010,0.70124835,0.312500,leg_right_front,B,return,-0.46437493,1.47511172,-0.59756237,-0.00876558,0.02488828
QUEEN,0.08863010,0.70124835,0.312500,leg_right_middle,A,stance,-0.54562509,1.50000000,-0.18368758,0.00876562,0.00000000
QUEEN,0.08863010,0.70124835,0.312500,leg_right_hind,B,return,-0.46437493,1.47511184,0.08993759,-0.00876561,0.02488816
QUEEN,0.08863010,0.73631078,0.328125,leg_left_front,A,stance,0.46437505,1.49999988,-0.51867199,0.00876564,0.00000012
QUEEN,0.08863010,0.73631078,0.328125,leg_left_middle,B,return,0.54562497,1.47624207,-0.26257801,-0.00876558,0.02375793
QUEEN,0.08863010,0.73631078,0.328125,leg_left_hind,A,stance,0.46437499,1.49999988,0.16882804,0.00876562,0.00000012
QUEEN,0.08863010,0.73631078,0.328125,leg_right_front,B,return,-0.46437490,1.47624207,-0.60632801,-0.00876564,0.02375793
QUEEN,0.08863010,0.73631078,0.328125,leg_right_middle,A,stance,-0.54562497,1.49999988,-0.17492197,0.00876561,0.00000012
QUEEN,0.08863010,0.73631078,0.328125,leg_right_hind,B,return,-0.46437496,1.47624218,0.08117197,-0.00876562,0.02375782
QUEEN,0.08863010,0.77137315,0.343750,leg_left_front,A,stance,0.46437502,1.49999988,-0.50990641,0.00876558,0.00000012
QUEEN,0.08863010,0.77137315,0.343750,leg_left_middle,B,return,0.54562503,1.47760141,-0.27134362,-0.00876561,0.02239859
QUEEN,0.08863010,0.77137315,0.343750,leg_left_hind,A,stance,0.46437499,1.50000000,0.17759360,0.00876556,0.00000000
QUEEN,0.08863010,0.77137315,0.343750,leg_right_front,B,return,-0.46437499,1.47760129,-0.61509359,-0.00876558,0.02239871
QUEEN,0.08863010,0.77137315,0.343750,leg_right_middle,A,stance,-0.54562503,1.50000000,-0.16615638,0.00876559,0.00000000
QUEEN,0.08863010,0.77137315,0.343750,leg_right_hind,B,return,-0.46437505,1.47760117,0.07240640,-0.00876557,0.02239883
QUEEN,0.08863010,0.80643559,0.359375,leg_left_front,A,stance,0.46437493,1.50000000,-0.50114077,0.00876564,0.00000000
QUEEN,0.08863010,0.80643559,0.359375,leg_left_middle,B,return,0.54562503,1.47917604,-0.28010923,-0.00876561,0.02082396
QUEEN,0.08863010,0.80643559,0.359375,leg_left_hind,A,stance,0.46437493,1.50000000,0.18635920,0.00876559,0.00000000
QUEEN,0.08863010,0.80643559,0.359375,leg_right_front,B,return,-0.46437490,1.47917593,-0.62385917,-0.00876558,0.02082407
QUEEN,0.08863010,0.80643559,0.359375,leg_right_middle,A,stance,-0.54562497,1.49999988,-0.15739079,0.00876559,0.00000012
QUEEN,0.08863010,0.80643559,0.359375,leg_right_hind,B,return,-0.46437502,1.47917604,0.06364078,-0.00876562,0.02082396
QUEEN,0.08863010,0.84149802,0.375000,leg_left_front,A,stance,0.46437511,1.50000000,-0.49237520,0.00876558,0.00000000
QUEEN,0.08863010,0.84149802,0.375000,leg_left_middle,B,return,0.54562497,1.48095143,-0.28887483,-0.00876561,0.01904857
QUEEN,0.08863010,0.84149802,0.375000,leg_left_hind,A,stance,0.46437499,1.49999988,0.19512483,0.00876564,0.00000012
QUEEN,0.08863010,0.84149802,0.375000,leg_right_front,B,return,-0.46437499,1.48095143,-0.63262480,-0.00876564,0.01904857
QUEEN,0.08863010,0.84149802,0.375000,leg_right_middle,A,stance,-0.54562503,1.49999988,-0.14862518,0.00876561,0.00000012
QUEEN,0.08863010,0.84149802,0.375000,leg_right_hind,B,return,-0.46437505,1.48095143,0.05487517,-0.00876561,0.01904857
QUEEN,0.08863010,0.87656045,0.390625,leg_left_front,A,stance,0.46437502,1.50000012,-0.48360956,0.00876564,-0.00000012
QUEEN,0.08863010,0.87656045,0.390625,leg_left_middle,B,return,0.54562503,1.48291028,-0.29764044,-0.00876561,0.01708972
QUEEN,0.08863010,0.87656045,0.390625,leg_left_hind,A,stance,0.46437499,1.50000000,0.20389046,0.00876562,0.00000000
QUEEN,0.08863010,0.87656045,0.390625,leg_right_front,B,return,-0.46437502,1.48291028,-0.64139038,-0.00876558,0.01708972
QUEEN,0.08863010,0.87656045,0.390625,leg_right_middle,A,stance,-0.54562497,1.50000000,-0.13985959,0.00876559,0.00000000
QUEEN,0.08863010,0.87656045,0.390625,leg_right_hind,B,return,-0.46437508,1.48291004,0.04610957,-0.00876560,0.01708996
QUEEN,0.08863010,0.91162288,0.406250,leg_left_front,A,stance,0.46437496,1.50000000,-0.47484395,0.00876561,0.00000000
QUEEN,0.08863010,0.91162288,0.406250,leg_left_middle,B,return,0.54562503,1.48503351,-0.30640605,-0.00876561,0.01496649
QUEEN,0.08863010,0.91162288,0.406250,leg_left_hind,A,stance,0.46437496,1.50000000,0.21265607,0.00876561,0.00000000
QUEEN,0.08863010,0.91162288,0.406250,leg_right_front,B,return,-0.46437490,1.48503351,-0.65015596,-0.00876558,0.01496649
QUEEN,0.08863010,0.91162288,0.406250,leg_right_middle,A,stance,-0.54562497,1.50000000,-0.13109396,0.00876562,0.00000000
QUEEN,0.08863010,0.91162288,0.406250,leg_right_hind,B,return,-0.46437502,1.48503351,0.03734396,-0.00876561,0.01496649
QUEEN,0.08863010,0.94668525,0.421875,leg_left_front,A,stance,0.46437499,1.50000012,-0.46607837,0.00876558,-0.00000012
QUEEN,0.08863010,0.94668525,0.421875,leg_left_middle,B,return,0.54562503,1.48730111,-0.31517166,-0.00876561,0.01269889
QUEEN,0.08863010,0.94668525,0.421875,leg_left_hind,A,stance,0.46437502,1.49999988,0.22142167,0.00876561,0.00000012
QUEEN,0.08863010,0.94668525,0.421875,leg_right_front,B,return,-0.46437493,1.48730111,-0.65892166,-0.00876570,0.01269889
QUEEN,0.08863010,0.94668525,0.421875,leg_right_middle,A,stance,-0.54562509,1.50000000,-0.12232835,0.00876562,0.00000000
QUEEN,0.08863010,0.94668525,0.421875,leg_right_hind,B,return,-0.46437496,1.48730111,0.02857836,-0.00876560,0.01269889
QUEEN,0.08863010,0.98174769,0.437500,leg_left_front,A,stance,0.46437496,1.50000000,-0.45731276,0.00876561,0.00000000
QUEEN,0.08863010,0.98174769,0.437500,leg_left_middle,B,return,0.54562509,1.48969090,-0.32393724,-0.00876558,0.01030910
QUEEN,0.08863010,0.98174769,0.437500,leg_left_hind,A,stance,0.46437502,1.49999988,0.23018724,0.00876556,0.00000012
QUEEN,0.08863010,0.98174769,0.437500,leg_right_front,B,return,-0.46437502,1.48969090,-0.66768730,-0.00876564,0.01030910
QUEEN,0.08863010,0.98174769,0.437500,leg_right_middle,A,stance,-0.54562503,1.49999988,-0.11356276,0.00876559,0.00000012
QUEEN,0.08863010,0.98174769,0.437500,leg_right_hind,B,return,-0.46437496,1.48969090,0.01981275,-0.00876560,0.01030910
QUEEN,0.08863010,1.01681006,0.453125,leg_left_front,A,stance,0.46437499,1.49999988,-0.44854715,0.00876561,0.00000012
QUEEN,0.08863010,1.01681006,0.453125,leg_left_middle,B,return,0.54562497,1.49217999,-0.33270288,-0.00876564,0.00782001
QUEEN,0.08863010,1.01681006,0.453125,leg_left_hind,A,stance,0.46437499,1.49999988,0.23895288,0.00876564,0.00000012
QUEEN,0.08863010,1.01681006,0.453125,leg_right_front,B,return,-0.46437496,1.49218011,-0.67645288,-0.00876558,0.00781989
QUEEN,0.08863010,1.01681006,0.453125,leg_right_middle,A,stance,-0.54562503,1.50000012,-0.10479715,0.00876560,-0.00000012
QUEEN,0.08863010,1.01681006,0.453125,leg_right_hind,B,return,-0.46437505,1.49218011,0.01104716,-0.00876560,0.00781989
QUEEN,0.08863010,1.05187249,0.468750,leg_left_front,A,stance,0.46437496,1.50000000,-0.43978155,0.00876561,0.00000000
QUEEN,0.08863010,1.05187249,0.468750,leg_left_middle,B,return,0.54562497,1.49474442,-0.34146848,-0.00876561,0.00525558
QUEEN,0.08863010,1.05187249,0.468750,leg_left_hind,A,stance,0.46437505,1.50000012,0.24771845,0.00876558,-0.00000012
QUEEN,0.08863010,1.05187249,0.468750,leg_right_front,B,return,-0.46437496,1.49474454,-0.68521839,-0.00876552,0.00525546
QUEEN,0.08863010,1.05187249,0.468750,leg_right_middle,A,stance,-0.54562503,1.49999988,-0.09603153,0.00876562,0.00000012
QUEEN,0.08863010,1.05187249,0.468750,leg_right_hind,B,return,-0.46437502,1.49474442,0.00228155,-0.00876561,0.00525558
QUEEN,0.08863010,1.08693492,0.484375,leg_left_front,A,stance,0.46437505,1.50000012,-0.43101597,0.00876558,-0.00000012
QUEEN,0.08863010,1.08693492,0.484375,leg_left_middle,B,return,0.54562497,1.49735963,-0.35023406,-0.00876558,0.00264037
QUEEN,0.08863010,1.08693492,0.484375,leg_left_hind,A,stance,0.46437493,1.50000000,0.25648406,0.00876561,0.00000000
QUEEN,0.08863010,1.08693492,0.484375,leg_right_front,B,return,-0.46437490,1.49735940,-0.69398403,-0.00876564,0.00264060
QUEEN,0.08863010,1.08693492,0.484375,leg_right_middle,A,stance,-0.54562497,1.50000012,-0.08726595,0.00876559,-0.00000012
QUEEN,0.08863010,1.08693492,0.484375,leg_right_hind,B,return,-0.46437502,1.49735963,-0.00648406,-0.00876561,0.00264037
QUEEN,0.08863010,1.12199736,0.500000,leg_left_front,A,stance,0.46437508,1.50000000,-0.42225036,0.00876561,0.00000000
QUEEN,0.08863010,1.12199736,0.500000,leg_left_middle,B,return,0.54562503,1.50000000,-0.35899967,-0.00876561,0.00000000
QUEEN,0.08863010,1.12199736,0.500000,leg_left_hind,A,stance,0.46437487,1.50000012,0.26524964,0.00876558,-0.00000012
QUEEN,0.08863010,1.12199736,0.500000,leg_right_front,B,return,-0.46437487,1.50000012,-0.70274967,-0.00876564,-0.00000012
QUEEN,0.08863010,1.12199736,0.500000,leg_right_middle,A,stance,-0.54562503,1.50000000,-0.07850032,0.00876562,0.00000000
QUEEN,0.08863010,1.12199736,0.500000,leg_right_hind,B,return,-0.46437508,1.50000000,-0.01524967,-0.00876560,0.00000000
QUEEN,0.08863010,1.15705979,0.515625,leg_left_front,A,return,0.46437502,1.49735963,-0.43101594,-0.00876558,0.00264037
QUEEN,0.08863010,1.15705979,0.515625,leg_left_middle,B,stance,0.54562497,1.50000012,-0.35023406,0.00876561,-0.00000012
QUEEN,0.08863010,1.15705979,0.515625,leg_left_hind,A,return,0.46437490,1.49735940,0.25648403,-0.00876561,0.00264060
QUEEN,0.08863010,1.15705979,0.515625,leg_right_front,B,stance,-0.46437493,1.50000000,-0.69398409,0.00876558,0.00000000
QUEEN,0.08863010,1.15705979,0.515625,leg_right_middle,A,return,-0.54562497,1.49735963,-0.08726594,-0.00876562,0.00264037
QUEEN,0.08863010,1.15705979,0.515625,leg_right_hind,B,stance,-0.46437505,1.50000012,-0.00648406,0.00876561,-0.00000012
QUEEN,0.08863010,1.19212222,0.531250,leg_left_front,A,return,0.46437502,1.49474442,-0.43978155,-0.00876561,0.00525558
QUEEN,0.08863010,1.19212222,0.531250,leg_left_middle,B,stance,0.54562503,1.49999988,-0.34146845,0.00876561,0.00000012
QUEEN,0.08863010,1.19212222,0.531250,leg_left_hind,A,return,0.46437496,1.49474454,0.24771844,-0.00876559,0.00525546
QUEEN,0.08863010,1.19212222,0.531250,leg_right_front,B,stance,-0.46437505,1.50000012,-0.68521851,0.00876558,-0.00000012
QUEEN,0.08863010,1.19212222,0.531250,leg_right_middle,A,return,-0.54562497,1.49474442,-0.09603153,-0.00876559,0.00525558
QUEEN,0.08863010,1.19212222,0.531250,leg_right_hind,B,stance,-0.46437496,1.50000000,0.00228154,0.00876560,0.00000000
QUEEN,0.08863010,1.22718465,0.546875,leg_left_front,A,return,0.46437505,1.49218011,-0.44854712,-0.00876558,0.00781989
QUEEN,0.08863010,1.22718465,0.546875,leg_left_middle,B,stance,0.54562503,1.50000012,-0.33270288,0.00876558,-0.00000012
QUEEN,0.08863010,1.22718465,0.546875,leg_left_hind,A,return,0.46437496,1.49218011,0.23895286,-0.00876558,0.00781989
QUEEN,0.08863010,1.22718465,0.546875,leg_right_front,B,stance,-0.46437499,1.49999988,-0.67645288,0.00876564,0.00000012
QUEEN,0.08863010,1.22718465,0.546875,leg_right_middle,A,return,-0.54562497,1.49217999,-0.10479713,-0.00876560,0.00782001
QUEEN,0.08863010,1.22718465,0.546875,leg_right_hind,B,stance,-0.46437499,1.49999988,0.01104715,0.00876561,0.00000012
QUEEN,0.08863010,1.26224709,0.562500,leg_left_front,A,return,0.46437496,1.48969090,-0.45731273,-0.00876561,0.01030910
QUEEN,0.08863010,1.26224709,0.562500,leg_left_middle,B,stance,0.54562503,1.49999988,-0.32393724,0.00876564,0.00000012
QUEEN,0.08863010,1.26224709,0.562500,leg_left_hind,A,return,0.46437502,1.48969090,0.23018724,-0.00876562,0.01030910
QUEEN,0.08863010,1.26224709,0.562500,leg_right_front,B,stance,-0.46437502,1.49999988,-0.66768724,0.00876564,0.00000012
QUEEN,0.08863010,1.26224709,0.562500,leg_right_middle,A,return,-0.54562509,1.48969090,-0.11356276,-0.00876563,0.01030910
QUEEN,0.08863010,1.26224709,0.562500,leg_right_hind,B,stance,-0.46437502,1.50000000,0.01981277,0.00876562,0.00000000
QUEEN,0.08863010,1.29730940,0.578125,leg_left_front,A,return,0.46437496,1.48730111,-0.46607831,-0.00876558,0.01269889
QUEEN,0.08863010,1.29730940,0.578125,leg_left_middle,B,stance,0.54562509,1.50000000,-0.31517169,0.00876555,0.00000000
QUEEN,0.08863010,1.29730940,0.578125,leg_left_hind,A,return,0.46437493,1.48730111,0.22142161,-0.00876562,0.01269889
QUEEN,0.08863010,1.29730940,0.578125,leg_right_front,B,stance,-0.46437502,1.49999988,-0.65892166,0.00876558,0.00000012
QUEEN,0.08863010,1.29730940,0.578125,leg_right_middle,A,return,-0.54562503,1.48730111,-0.12232832,-0.00876556,0.01269889
QUEEN,0.08863010,1.29730940,0.578125,leg_right_hind,B,stance,-0.46437493,1.50000012,0.02857833,0.00876556,-0.00000012
QUEEN,0.08863010,1.33237183,0.593750,leg_left_front,A,return,0.46437493,1.48503375,-0.47484398,-0.00876567,0.01496625
QUEEN,0.08863010,1.33237183,0.593750,leg_left_middle,B,stance,0.54562497,1.50000000,-0.30640605,0.00876564,0.00000000
QUEEN,0.08863010,1.33237183,0.593750,leg_left_hind,A,return,0.46437484,1.48503363,0.21265599,-0.00876562,0.01496637
QUEEN,0.08863010,1.33237183,0.593750,leg_right_front,B,stance,-0.46437496,1.50000000,-0.65015608,0.00876558,0.00000000
QUEEN,0.08863010,1.33237183,0.593750,leg_right_middle,A,return,-0.54562503,1.48503351,-0.13109393,-0.00876562,0.01496649
QUEEN,0.08863010,1.33237183,0.593750,leg_right_hind,B,stance,-0.46437496,1.50000000,0.03734395,0.00876561,0.00000000
QUEEN,0.08863010,1.36743426,0.609375,leg_left_front,A,return,0.46437508,1.48291004,-0.48360956,-0.00876558,0.01708996
QUEEN,0.08863010,1.36743426,0.609375,leg_left_middle,B,stance,0.54562497,1.50000000,-0.29764041,0.00876564,0.00000000
QUEEN,0.08863010,1.36743426,0.609375,leg_left_hind,A,return,0.46437502,1.48291028,0.20389047,-0.00876552,0.01708972
QUEEN,0.08863010,1.36743426,0.609375,leg_right_front,B,stance,-0.46437499,1.50000000,-0.64139044,0.00876564,0.00000000
QUEEN,0.08863010,1.36743426,0.609375,leg_right_middle,A,return,-0.54562503,1.48291028,-0.13985956,-0.00876562,0.01708972
QUEEN,0.08863010,1.36743426,0.609375,leg_right_hind,B,stance,-0.46437502,1.50000012,0.04610955,0.00876560,-0.00000012
QUEEN,0.08863010,1.40249670,0.625000,leg_left_front,A,return,0.46437505,1.48095143,-0.49237520,-0.00876564,0.01904857
QUEEN,0.08863010,1.40249670,0.625000,leg_left_middle,B,stance,0.54562503,1.49999988,-0.28887483,0.00876558,0.00000012
QUEEN,0.08863010,1.40249670,0.625000,leg_left_hind,A,return,0.46437499,1.48095143,0.19512483,-0.00876564,0.01904857
QUEEN,0.08863010,1.40249670,0.625000,leg_right_front,B,stance,-0.46437499,1.49999988,-0.63262480,0.00876564,0.00000012
QUEEN,0.08863010,1.40249670,0.625000,leg_right_middle,A,return,-0.54562497,1.48095143,-0.14862517,-0.00876561,0.01904857
QUEEN,0.08863010,1.40249670,0.625000,leg_right_hind,B,stance,-0.46437511,1.50000000,0.05487516,0.00876562,0.00000000
QUEEN,0.08863010,1.43755913,0.640625,leg_left_front,A,return,0.46437502,1.47917604,-0.50114077,-0.00876558,0.02082396
QUEEN,0.08863010,1.43755913,0.640625,leg_left_middle,B,stance,0.54562497,1.49999988,-0.28010923,0.00876561,0.00000012
QUEEN,0.08863010,1.43755913,0.640625,leg_left_hind,A,return,0.46437490,1.47917593,0.18635924,-0.00876559,0.02082407
QUEEN,0.08863010,1.43755913,0.640625,leg_right_front,B,stance,-0.46437493,1.50000000,-0.62385917,0.00876564,0.00000000
QUEEN,0.08863010,1.43755913,0.640625,leg_right_middle,A,return,-0.54562503,1.47917604,-0.15739077,-0.00876561,0.02082396
QUEEN,0.08863010,1.43755913,0.640625,leg_right_hind,B,stance,-0.46437493,1.50000000,0.06364075,0.00876559,0.00000000
QUEEN,0.08863010,1.47262156,0.656250,leg_left_front,A,return,0.46437502,1.47760117,-0.50990641,-0.00876564,0.02239883
QUEEN,0.08863010,1.47262156,0.656250,leg_left_middle,B,stance,0.54562503,1.50000000,-0.27134365,0.00876558,0.00000000
QUEEN,0.08863010,1.47262156,0.656250,leg_left_hind,A,return,0.46437499,1.47760129,0.17759362,-0.00876562,0.02239871
QUEEN,0.08863010,1.47262156,0.656250,leg_right_front,B,stance,-0.46437499,1.50000000,-0.61509359,0.00876558,0.00000000
QUEEN,0.08863010,1.47262156,0.656250,leg_right_middle,A,return,-0.54562503,1.47760141,-0.16615637,-0.00876559,0.02239859
QUEEN,0.08863010,1.47262156,0.656250,leg_right_hind,B,stance,-0.46437502,1.49999988,0.07240639,0.00876564,0.00000012
QUEEN,0.08863010,1.50768399,0.671875,leg_left_front,A,return,0.46437496,1.47624218,-0.51867199,-0.00876558,0.02375782
QUEEN,0.08863010,1.50768399,0.671875,leg_left_middle,B,stance,0.54562497,1.49999988,-0.26257801,0.00876564,0.00000012
QUEEN,0.08863010,1.50768399,0.671875,leg_left_hind,A,return,0.46437499,1.47624218,0.16882800,-0.00876562,0.02375782
QUEEN,0.08863010,1.50768399,0.671875,leg_right_front,B,stance,-0.46437505,1.49999988,-0.60632807,0.00876552,0.00000012
QUEEN,0.08863010,1.50768399,0.671875,leg_right_middle,A,return,-0.54562497,1.47624207,-0.17492197,-0.00876561,0.02375793
QUEEN,0.08863010,1.50768399,0.671875,leg_right_hind,B,stance,-0.46437505,1.49999988,0.08117200,0.00876562,0.00000012
QUEEN,0.08863010,1.54274631,0.687500,leg_left_front,A,return,0.46437493,1.47511184,-0.52743757,-0.00876558,0.02488816
QUEEN,0.08863010,1.54274631,0.687500,leg_left_middle,B,stance,0.54562509,1.50000000,-0.25381243,0.00876558,0.00000000
QUEEN,0.08863010,1.54274631,0.687500,leg_left_hind,A,return,0.46437493,1.47511172,0.16006240,-0.00876559,0.02488828
QUEEN,0.08863010,1.54274631,0.687500,leg_right_front,B,stance,-0.46437499,1.49999988,-0.59756243,0.00876564,0.00000012
QUEEN,0.08863010,1.54274631,0.687500,leg_right_middle,A,return,-0.54562503,1.47511172,-0.18368755,-0.00876558,0.02488828
QUEEN,0.08863010,1.54274631,0.687500,leg_right_hind,B,stance,-0.46437502,1.50000000,0.08993758,0.00876558,0.00000000
QUEEN,0.08863010,1.57780874,0.703125,leg_left_front,A,return,0.46437502,1.47422111,-0.53620321,-0.00876564,0.02577889
QUEEN,0.08863010,1.57780874,0.703125,leg_left_middle,B,stance,0.54562497,1.49999988,-0.24504682,0.00876561,0.00000012
QUEEN,0.08863010,1.57780874,0.703125,leg_left_hind,A,return,0.46437499,1.47422111,0.15129681,-0.00876559,0.02577889
QUEEN,0.08863010,1.57780874,0.703125,leg_right_front,B,stance,-0.46437502,1.50000012,-0.58879685,0.00876558,-0.00000012
QUEEN,0.08863010,1.57780874,0.703125,leg_right_middle,A,return,-0.54562497,1.47422111,-0.19245318,-0.00876562,0.02577889
QUEEN,0.08863010,1.57780874,0.703125,leg_right_hind,B,stance,-0.46437505,1.50000000,0.09870319,0.00876561,0.00000000
QUEEN,0.08863010,1.61287117,0.718750,leg_left_front,A,return,0.46437496,1.47357893,-0.54496878,-0.00876558,0.02642107
QUEEN,0.08863010,1.61287117,0.718750,leg_left_middle,B,stance,0.54562491,1.50000000,-0.23628123,0.00876559,0.00000000
QUEEN,0.08863010,1.61287117,0.718750,leg_left_hind,A,return,0.46437502,1.47357881,0.14253123,-0.00876558,0.02642119
QUEEN,0.08863010,1.61287117,0.718750,leg_right_front,B,stance,-0.46437496,1.50000012,-0.58003122,0.00876564,-0.00000012
QUEEN,0.08863010,1.61287117,0.718750,leg_right_middle,A,return,-0.54562497,1.47357881,-0.20121878,-0.00876561,0.02642119
QUEEN,0.08863010,1.61287117,0.718750,leg_right_hind,B,stance,-0.46437496,1.50000000,0.10746878,0.00876559,0.00000000
QUEEN,0.08863010,1.64793360,0.734375,leg_left_front,A,return,0.46437496,1.47319102,-0.55373442,-0.00876564,0.02680898
QUEEN,0.08863010,1.64793360,0.734375,leg_left_middle,B,stance,0.54562491,1.50000000,-0.22751561,0.00876562,0.00000000
QUEEN,0.08863010,1.64793360,0.734375,leg_left_hind,A,return,0.46437493,1.47319090,0.13376561,-0.00876562,0.02680910
QUEEN,0.08863010,1.64793360,0.734375,leg_right_front,B,stance,-0.46437493,1.50000000,-0.57126558,0.00876564,0.00000000
QUEEN,0.08863010,1.64793360,0.734375,leg_right_middle,A,return,-0.54562497,1.47319102,-0.20998438,-0.00876559,0.02680898
QUEEN,0.08863010,1.64793360,0.734375,leg_right_hind,B,stance,-0.46437496,1.50000000,0.11623438,0.00876561,0.00000000
QUEEN,0.08863010,1.68299603,0.750000,leg_left_front,A,return,0.46437496,1.47306132,-0.56250006,-0.00876564,0.02693868
QUEEN,0.08863010,1.68299603,0.750000,leg_left_middle,B,stance,0.54562503,1.49999988,-0.21875000,0.00876561,0.00000012
QUEEN,0.08863010,1.68299603,0.750000,leg_left_hind,A,return,0.46437496,1.47306132,0.12499999,-0.00876562,0.02693868
QUEEN,0.08863010,1.68299603,0.750000,leg_right_front,B,stance,-0.46437499,1.50000012,-0.56250000,0.00876558,-0.00000012
QUEEN,0.08863010,1.68299603,0.750000,leg_right_middle,A,return,-0.54562503,1.47306108,-0.21875000,-0.00876562,0.02693892
QUEEN,0.08863010,1.68299603,0.750000,leg_right_hind,B,stance,-0.46437499,1.50000012,0.12500000,0.00876562,-0.00000012
QUEEN,0.08863010,1.71805847,0.765625,leg_left_front,A,return,0.46437493,1.47319090,-0.57126558,-0.00876552,0.02680910
QUEEN,0.08863010,1.71805847,0.765625,leg_left_middle,B,stance,0.54562491,1.50000000,-0.20998441,0.00876559,0.00000000
QUEEN,0.08863010,1.71805847,0.765625,leg_left_hind,A,return,0.46437496,1.47319102,0.11623438,-0.00876561,0.02680898
QUEEN,0.08863010,1.71805847,0.765625,leg_right_front,B,stance,-0.46437496,1.50000000,-0.55373436,0.00876564,0.00000000
QUEEN,0.08863010,1.71805847,0.765625,leg_right_middle,A,return,-0.54562497,1.47319102,-0.22751561,-0.00876561,0.02680898
QUEEN,0.08863010,1.71805847,0.765625,leg_right_hind,B,stance,-0.46437493,1.50000000,0.13376559,0.00876559,0.00000000
QUEEN,0.08863010,1.75312090,0.781250,leg_left_front,A,return,0.46437502,1.47357881,-0.58003122,-0.00876564,0.02642119
QUEEN,0.08863010,1.75312090,0.781250,leg_left_middle,B,stance,0.54562491,1.50000000,-0.20121878,0.00876562,0.00000000
QUEEN,0.08863010,1.75312090,0.781250,leg_left_hind,A,return,0.46437496,1.47357893,0.10746879,-0.00876559,0.02642107
QUEEN,0.08863010,1.75312090,0.781250,leg_right_front,B,stance,-0.46437496,1.50000000,-0.54496878,0.00876558,0.00000000
QUEEN,0.08863010,1.75312090,0.781250,leg_right_middle,A,return,-0.54562497,1.47357881,-0.23628122,-0.00876561,0.02642119
QUEEN,0.08863010,1.75312090,0.781250,leg_right_hind,B,stance,-0.46437496,1.50000012,0.14253120,0.00876561,-0.00000012
QUEEN,0.08863010,1.78818333,0.796875,leg_left_front,A,return,0.46437499,1.47422111,-0.58879679,-0.00876558,0.02577889
QUEEN,0.08863010,1.78818333,0.796875,leg_left_middle,B,stance,0.54562497,1.49999988,-0.19245319,0.00876559,0.00000012
QUEEN,0.08863010,1.78818333,0.796875,leg_left_hind,A,return,0.46437502,1.47422111,0.09870319,-0.00876560,0.02577889
QUEEN,0.08863010,1.78818333,0.796875,leg_right_front,B,stance,-0.46437505,1.50000000,-0.53620321,0.00876558,0.00000000
QUEEN,0.08863010,1.78818333,0.796875,leg_right_middle,A,return,-0.54562497,1.47422111,-0.24504681,-0.00876559,0.02577889
QUEEN,0.08863010,1.78818333,0.796875,leg_right_hind,B,stance,-0.46437502,1.50000012,0.15129684,0.00876564,-0.00000012
QUEEN,0.08863010,1.82324576,0.812500,leg_left_front,A,return,0.46437493,1.47511172,-0.59756237,-0.00876558,0.02488828
QUEEN,0.08863010,1.82324576,0.812500,leg_left_middle,B,stance,0.54562509,1.50000000,-0.18368757,0.00876562,0.00000000
QUEEN,0.08863010,1.82324576,0.812500,leg_left_hind,A,return,0.46437493,1.47511184,0.08993758,-0.00876562,0.02488816
QUEEN,0.08863010,1.82324576,0.812500,leg_right_front,B,stance,-0.46437502,1.50000000,-0.52743763,0.00876558,0.00000000
QUEEN,0.08863010,1.82324576,0.812500,leg_right_middle,A,return,-0.54562503,1.47511172,-0.25381243,-0.00876562,0.02488828
QUEEN,0.08863010,1.82324576,0.812500,leg_right_hind,B,stance,-0.46437499,1.49999988,0.16006243,0.00876559,0.00000012
QUEEN,0.08863010,1.85830808,0.828125,leg_left_front,A,return,0.46437499,1.47624218,-0.60632801,-0.00876564,0.02375782
QUEEN,0.08863010,1.85830808,0.828125,leg_left_middle,B,stance,0.54562497,1.49999988,-0.17492199,0.00876558,0.00000012
QUEEN,0.08863010,1.85830808,0.828125,leg_left_hind,A,return,0.46437496,1.47624218,0.08117200,-0.00876557,0.02375782
QUEEN,0.08863010,1.85830808,0.828125,leg_right_front,B,stance,-0.46437505,1.49999988,-0.51867205,0.00876558,0.00000012
QUEEN,0.08863010,1.85830808,0.828125,leg_right_middle,A,return,-0.54562497,1.47624207,-0.26257798,-0.00876555,0.02375793
QUEEN,0.08863010,1.85830808,0.828125,leg_right_hind,B,stance,-0.46437505,1.49999988,0.16882804,0.00876561,0.00000012
QUEEN,0.08863010,1.89337051,0.843750,leg_left_front,A,return,0.46437499,1.47760129,-0.61509359,-0.00876558,0.02239871
QUEEN,0.08863010,1.89337051,0.843750,leg_left_middle,B,stance,0.54562503,1.50000000,-0.16615638,0.00876561,0.00000000
QUEEN,0.08863010,1.89337051,0.843750,leg_left_hind,A,return,0.46437505,1.47760117,0.07240642,-0.00876559,0.02239883
QUEEN,0.08863010,1.89337051,0.843750,leg_right_front,B,stance,-0.46437502,1.49999988,-0.50990641,0.00876564,0.00000012
QUEEN,0.08863010,1.89337051,0.843750,leg_right_middle,A,return,-0.54562503,1.47760141,-0.27134362,-0.00876564,0.02239859
QUEEN,0.08863010,1.89337051,0.843750,leg_right_hind,B,stance,-0.46437499,1.50000000,0.17759360,0.00876556,0.00000000
QUEEN,0.08863010,1.92843294,0.859375,leg_left_front,A,return,0.46437490,1.47917593,-0.62385917,-0.00876558,0.02082407
QUEEN,0.08863010,1.92843294,0.859375,leg_left_middle,B,stance,0.54562497,1.49999988,-0.15739079,0.00876559,0.00000012
QUEEN,0.08863010,1.92843294,0.859375,leg_left_hind,A,return,0.46437502,1.47917604,0.06364080,-0.00876562,0.02082396
QUEEN,0.08863010,1.92843294,0.859375,leg_right_front,B,stance,-0.46437493,1.50000000,-0.50114077,0.00876564,0.00000000
QUEEN,0.08863010,1.92843294,0.859375,leg_right_middle,A,return,-0.54562503,1.47917604,-0.28010923,-0.00876561,0.02082396
QUEEN,0.08863010,1.92843294,0.859375,leg_right_hind,B,stance,-0.46437493,1.50000000,0.18635920,0.00876559,0.00000000
QUEEN,0.08863010,1.96349537,0.875000,leg_left_front,A,return,0.46437499,1.48095143,-0.63262480,-0.00876564,0.01904857
QUEEN,0.08863010,1.96349537,0.875000,leg_left_middle,B,stance,0.54562503,1.49999988,-0.14862518,0.00876561,0.00000012
QUEEN,0.08863010,1.96349537,0.875000,leg_left_hind,A,return,0.46437505,1.48095143,0.05487518,-0.00876562,0.01904857
QUEEN,0.08863010,1.96349537,0.875000,leg_right_front,B,stance,-0.46437511,1.50000000,-0.49237520,0.00876558,0.00000000
QUEEN,0.08863010,1.96349537,0.875000,leg_right_middle,A,return,-0.54562497,1.48095143,-0.28887483,-0.00876561,0.01904857
QUEEN,0.08863010,1.96349537,0.875000,leg_right_hind,B,stance,-0.46437499,1.49999988,0.19512483,0.00876564,0.00000012
QUEEN,0.08863010,1.99855781,0.890625,leg_left_front,A,return,0.46437502,1.48291028,-0.64139038,-0.00876558,0.01708972
QUEEN,0.08863010,1.99855781,0.890625,leg_left_middle,B,stance,0.54562497,1.50000000,-0.13985959,0.00876559,0.00000000
QUEEN,0.08863010,1.99855781,0.890625,leg_left_hind,A,return,0.46437508,1.48291004,0.04610958,-0.00876560,0.01708996
QUEEN,0.08863010,1.99855781,0.890625,leg_right_front,B,stance,-0.46437502,1.50000012,-0.48360956,0.00876564,-0.00000012
QUEEN,0.08863010,1.99855781,0.890625,leg_right_middle,A,return,-0.54562503,1.48291028,-0.29764044,-0.00876561,0.01708972
QUEEN,0.08863010,1.99855781,0.890625,leg_right_hind,B,stance,-0.46437499,1.50000000,0.20389046,0.00876562,0.00000000
QUEEN,0.08863010,2.03362012,0.906250,leg_left_front,A,return,0.46437499,1.48503351,-0.65015596,-0.00876558,0.01496649
QUEEN,0.08863010,2.03362012,0.906250,leg_left_middle,B,stance,0.54562497,1.50000000,-0.13109399,0.00876559,0.00000000
QUEEN,0.08863010,2.03362012,0.906250,leg_left_hind,A,return,0.46437502,1.48503351,0.03734399,-0.00876559,0.01496649
QUEEN,0.08863010,2.03362012,0.906250,leg_right_front,B,stance,-0.46437496,1.50000000,-0.47484398,0.00876558,0.00000000
QUEEN,0.08863010,2.03362012,0.906250,leg_right_middle,A,return,-0.54562509,1.48503351,-0.30640599,-0.00876555,0.01496649
QUEEN,0.08863010,2.03362012,0.906250,leg_right_hind,B,stance,-0.46437496,1.50000000,0.21265604,0.00876558,0.00000000
QUEEN,0.08863010,2.06868267,0.921875,leg_left_front,A,return,0.46437493,1.48730111,-0.65892166,-0.00876570,0.01269889
QUEEN,0.08863010,2.06868267,0.921875,leg_left_middle,B,stance,0.54562509,1.50000000,-0.12232835,0.00876565,0.00000000
QUEEN,0.08863010,2.06868267,0.921875,leg_left_hind,A,return,0.46437496,1.48730111,0.02857835,-0.00876564,0.01269889
QUEEN,0.08863010,2.06868267,0.921875,leg_right_front,B,stance,-0.46437493,1.50000012,-0.46607834,0.00876564,-0.00000012
QUEEN,0.08863010,2.06868267,0.921875,leg_right_middle,A,return,-0.54562503,1.48730111,-0.31517166,-0.00876567,0.01269889
QUEEN,0.08863010,2.06868267,0.921875,leg_right_hind,B,stance,-0.46437502,1.49999988,0.22142167,0.00876564,0.00000012
QUEEN,0.08863010,2.10374498,0.937500,leg_left_front,A,return,0.46437502,1.48969090,-0.66768730,-0.00876564,0.01030910
QUEEN,0.08863010,2.10374498,0.937500,leg_left_middle,B,stance,0.54562503,1.49999988,-0.11356279,0.00876556,0.00000012
QUEEN,0.08863010,2.10374498,0.937500,leg_left_hind,A,return,0.46437496,1.48969090,0.01981277,-0.00876557,0.01030910
QUEEN,0.08863010,2.10374498,0.937500,leg_right_front,B,stance,-0.46437502,1.50000000,-0.45731276,0.00876558,0.00000000
QUEEN,0.08863010,2.10374498,0.937500,leg_right_middle,A,return,-0.54562509,1.48969090,-0.32393724,-0.00876558,0.01030910
QUEEN,0.08863010,2.10374498,0.937500,leg_right_hind,B,stance,-0.46437502,1.49999988,0.23018724,0.00876556,0.00000012
QUEEN,0.08863010,2.13880754,0.953125,leg_left_front,A,return,0.46437502,1.49218011,-0.67645293,-0.00876564,0.00781989
QUEEN,0.08863010,2.13880754,0.953125,leg_left_middle,B,stance,0.54562503,1.50000012,-0.10479712,0.00876566,-0.00000012
QUEEN,0.08863010,2.13880754,0.953125,leg_left_hind,A,return,0.46437505,1.49218011,0.01104714,-0.00876564,0.00781989
QUEEN,0.08863010,2.13880754,0.953125,leg_right_front,B,stance,-0.46437499,1.49999988,-0.44854715,0.00876561,0.00000012
QUEEN,0.08863010,2.13880754,0.953125,leg_right_middle,A,return,-0.54562497,1.49217999,-0.33270290,-0.00876567,0.00782001
QUEEN,0.08863010,2.13880754,0.953125,leg_right_hind,B,stance,-0.46437499,1.49999988,0.23895293,0.00876570,0.00000012
QUEEN,0.08863010,2.17386985,0.968750,leg_left_front,A,return,0.46437496,1.49474454,-0.68521839,-0.00876546,0.00525546
QUEEN,0.08863010,2.17386985,0.968750,leg_left_middle,B,stance,0.54562503,1.49999988,-0.09603154,0.00876559,0.00000012
QUEEN,0.08863010,2.17386985,0.968750,leg_left_hind,A,return,0.46437502,1.49474442,0.00228156,-0.00876558,0.00525558
QUEEN,0.08863010,2.17386985,0.968750,leg_right_front,B,stance,-0.46437496,1.50000000,-0.43978155,0.00876561,0.00000000
QUEEN,0.08863010,2.17386985,0.968750,leg_right_middle,A,return,-0.54562497,1.49474442,-0.34146848,-0.00876558,0.00525558
QUEEN,0.08863010,2.17386985,0.968750,leg_right_hind,B,stance,-0.46437505,1.50000012,0.24771845,0.00876552,-0.00000012
QUEEN,0.08863010,2.20893240,0.984375,leg_left_front,A,return,0.46437493,1.49735940,-0.69398409,-0.00876570,0.00264060
QUEEN,0.08863010,2.20893240,0.984375,leg_left_middle,B,stance,0.54562497,1.50000012,-0.08726592,0.00876562,-0.00000012
QUEEN,0.08863010,2.20893240,0.984375,leg_left_hind,A,return,0.46437502,1.49735963,-0.00648410,-0.00876565,0.00264037
QUEEN,0.08863010,2.20893240,0.984375,leg_right_front,B,stance,-0.46437499,1.50000012,-0.43101594,0.00876561,-0.00000012
QUEEN,0.08863010,2.20893240,0.984375,leg_right_middle,A,return,-0.54562497,1.49735951,-0.35023412,-0.00876564,0.00264049
QUEEN,0.08863010,2.20893240,0.984375,leg_right_hind,B,stance,-0.46437493,1.50000000,0.25648406,0.00876561,0.00000000
QUEEN,0.08863010,2.24399471,1.000000,leg_left_front,A,return,0.46437487,1.50000012,-0.70274967,-0.00876558,-0.00000012
QUEEN,0.08863010,2.24399471,1.000000,leg_left_middle,B,stance,0.54562503,1.50000000,-0.07850032,0.00876559,0.00000000
QUEEN,0.08863010,2.24399471,1.000000,leg_left_hind,A,return,0.46437508,1.50000000,-0.01524967,-0.00876557,0.00000000
QUEEN,0.08863010,2.24399471,1.000000,leg_right_front,B,stance,-0.46437508,1.50000000,-0.42225036,0.00876558,0.00000000
QUEEN,0.08863010,2.24399471,1.000000,leg_right_middle,A,return,-0.54562503,1.50000000,-0.35899967,-0.00876555,0.00000000
QUEEN,0.08863010,2.24399471,1.000000,leg_right_hind,B,stance,-0.46437487,1.50000012,0.26524964,0.00876558,-0.00000012
WORKER,0.02596408,0.00000000,0.000000,leg_left_front,A,stance,0.26875001,1.50000000,-0.40587464,0.00000000,0.00000000
WORKER,0.02596408,0.00000000,0.000000,leg_left_middle,B,return,0.29999998,1.50000000,0.07774965,0.00000000,0.00000000
WORKER,0.02596408,0.00000000,0.000000,leg_left_hind,A,stance,0.26874998,1.50000000,0.00037534,0.00000000,0.00000000
WORKER,0.02596408,0.00000000,0.000000,leg_right_front,B,return,-0.26874998,1.50000000,-0.12537535,0.00000000,0.00000000
WORKER,0.02596408,0.00000000,0.000000,leg_right_middle,A,stance,-0.29999998,1.50000000,-0.20274965,0.00000000,0.00000000
WORKER,0.02596408,0.00000000,0.000000,leg_right_hind,B,return,-0.26875001,1.50000000,0.28087464,0.00000000,0.00000000
WORKER,0.02596408,0.03506242,0.015625,leg_left_front,A,stance,0.26874998,1.50000000,-0.39710903,0.00876561,0.00000000
WORKER,0.02596408,0.03506242,0.015625,leg_left_middle,B,return,0.30000004,1.49813044,0.06898407,-0.00876558,0.00186956
WORKER,0.02596408,0.03506242,0.015625,leg_left_hind,A,stance,0.26874998,1.50000000,0.00914094,0.00876560,0.00000000
WORKER,0.02596408,0.03506242,0.015625,leg_right_front,B,return,-0.26874998,1.49813044,-0.13414095,-0.00876561,0.00186956
WORKER,0.02596408,0.03506242,0.015625,leg_right_middle,A,stance,-0.30000001,1.50000000,-0.19398406,0.00876559,0.00000000
WORKER,0.02596408,0.03506242,0.015625,leg_right_hind,B,return,-0.26875001,1.49813044,0.27210906,-0.00876558,0.00186956
WORKER,0.02596408,0.07012483,0.031250,leg_left_front,A,stance,0.26874995,1.50000000,-0.38834345,0.00876558,0.00000000
WORKER,0.02596408,0.07012483,0.031250,leg_left_middle,B,return,0.30000001,1.49627876,0.06021848,-0.00876559,0.00372124
WORKER,0.02596408,0.07012483,0.031250,leg_left_hind,A,stance,0.26874998,1.50000000,0.01790654,0.00876560,0.00000000
WORKER,0.02596408,0.07012483,0.031250,leg_right_front,B,return,-0.26875001,1.49627864,-0.14290655,-0.00876559,0.00372136
WORKER,0.02596408,0.07012483,0.031250,leg_right_middle,A,stance,-0.30000001,1.50000000,-0.18521847,0.00876559,0.00000000
WORKER,0.02596408,0.07012483,0.031250,leg_right_hind,B,return,-0.26875001,1.49627864,0.26334348,-0.00876558,0.00372136
WORKER,0.02596408,0.10518725,0.046875,leg_left_front,A,stance,0.26874998,1.50000000,-0.37957785,0.00876561,0.00000000
WORKER,0.02596408,0.10518725,0.046875,leg_left_middle,B,return,0.29999992,1.49446297,0.05145284,-0.00876563,0.00553703
WORKER,0.02596408,0.10518725,0.046875,leg_left_hind,A,stance,0.26874998,1.50000000,0.02667214,0.00876560,0.00000000
WORKER,0.02596408,0.10518725,0.046875,leg_right_front,B,return,-0.26875001,1.49446297,-0.15167214,-0.00876559,0.00553703
WORKER,0.02596408,0.10518725,0.046875,leg_right_middle,A,stance,-0.29999998,1.50000000,-0.17645288,0.00876559,0.00000000
WORKER,0.02596408,0.10518725,0.046875,leg_right_hind,B,return,-0.26874995,1.49446297,0.25457785,-0.00876564,0.00553703
WORKER,0.02596408,0.14024967,0.062500,leg_left_front,A,stance,0.26874995,1.50000000,-0.37081224,0.00876561,0.00000000
WORKER,0.02596408,0.14024967,0.062500,leg_left_middle,B,return,0.30000001,1.49270046,0.04268726,-0.00876558,0.00729954
WORKER,0.02596408,0.14024967,0.062500,leg_left_hind,A,stance,0.26875001,1.50000000,0.03543775,0.00876561,0.00000000
WORKER,0.02596408,0.14024967,0.062500,leg_right_front,B,return,-0.26874998,1.49270046,-0.16043775,-0.00876561,0.00729954
WORKER,0.02596408,0.14024967,0.062500,leg_right_middle,A,stance,-0.30000001,1.50000012,-0.16768725,0.00876562,-0.00000012
WORKER,0.02596408,0.14024967,0.062500,leg_right_hind,B,return,-0.26874998,1.49270046,0.24581227,-0.00876558,0.00729954
WORKER,0.02596408,0.17531209,0.078125,leg_left_front,A,stance,0.26875001,1.50000000,-0.36204672,0.00876552,0.00000000
WORKER,0.02596408,0.17531209,0.078125,leg_left_middle,B,return,0.29999995,1.49100828,0.03392162,-0.00876564,0.00899172
WORKER,0.02596408,0.17531209,0.078125,leg_left_hind,A,stance,0.26875001,1.50000000,0.04420335,0.00876560,0.00000000
WORKER,0.02596408,0.17531209,0.078125,leg_right_front,B,return,-0.26874992,1.49100840,-0.16920334,-0.00876559,0.00899160
WORKER,0.02596408,0.17531209,0.078125,leg_right_middle,A,stance,-0.30000001,1.50000000,-0.15892164,0.00876561,0.00000000
WORKER,0.02596408,0.17531209,0.078125,leg_right_hind,B,return,-0.26875001,1.49100840,0.23704667,-0.00876559,0.00899160
WORKER,0.02596408,0.21037450,0.093750,leg_left_front,A,stance,0.26875001,1.50000000,-0.35328105,0.00876567,0.00000000
WORKER,0.02596408,0.21037450,0.093750,leg_left_middle,B,return,0.29999998,1.48940277,0.02515603,-0.00876560,0.01059723
WORKER,0.02596408,0.21037450,0.093750,leg_left_hind,A,stance,0.26874998,1.49999988,0.05296896,0.00876560,0.00000012
WORKER,0.02596408,0.21037450,0.093750,leg_right_front,B,return,-0.26875004,1.48940277,-0.17796895,-0.00876561,0.01059723
WORKER,0.02596408,0.21037450,0.093750,leg_right_middle,A,stance,-0.30000004,1.50000000,-0.15015605,0.00876559,0.00000000
WORKER,0.02596408,0.21037450,0.093750,leg_right_hind,B,return,-0.26874995,1.48940277,0.22828107,-0.00876561,0.01059723
WORKER,0.02596408,0.24543692,0.109375,leg_left_front,A,stance,0.26875001,1.50000000,-0.34451544,0.00876561,0.00000000
WORKER,0.02596408,0.24543692,0.109375,leg_left_middle,B,return,0.29999998,1.48789930,0.01639044,-0.00876559,0.01210070
WORKER,0.02596408,0.24543692,0.109375,leg_left_hind,A,stance,0.26875001,1.49999988,0.06173456,0.00876560,0.00000012
WORKER,0.02596408,0.24543692,0.109375,leg_right_front,B,return,-0.26875001,1.48789918,-0.18673456,-0.00876561,0.01210082
WORKER,0.02596408,0.24543692,0.109375,leg_right_middle,A,stance,-0.30000004,1.50000000,-0.14139046,0.00876559,0.00000000
WORKER,0.02596408,0.24543692,0.109375,leg_right_hind,B,return,-0.26874998,1.48789918,0.21951541,-0.00876565,0.01210082
WORKER,0.02596408,0.28049934,0.125000,leg_left_front,A,stance,0.26875001,1.50000000,-0.33574980,0.00876564,0.00000000
WORKER,0.02596408,0.28049934,0.125000,leg_left_middle,B,return,0.30000001,1.48651230,0.00762483,-0.00876561,0.01348770
WORKER,0.02596408,0.28049934,0.125000,leg_left_hind,A,stance,0.26874998,1.50000000,0.07050016,0.00876560,0.00000000
WORKER,0.02596408,0.28049934,0.125000,leg_right_front,B,return,-0.26874998,1.48651230,-0.19550018,-0.00876562,0.01348770
WORKER,0.02596408,0.28049934,0.125000,leg_right_middle,A,stance,-0.29999998,1.50000012,-0.13262483,0.00876562,-0.00000012
WORKER,0.02596408,0.28049934,0.125000,leg_right_hind,B,return,-0.26874998,1.48651230,0.21074980,-0.00876561,0.01348770
WORKER,0.02596408,0.31556177,0.140625,leg_left_front,A,stance,0.26875004,1.50000012,-0.32698423,0.00876558,-0.00000012
WORKER,0.02596408,0.31556177,0.140625,leg_left_middle,B,return,0.29999998,1.48525524,-0.00114077,-0.00876561,0.01474476
WORKER,0.02596408,0.31556177,0.140625,leg_left_hind,A,stance,0.26874998,1.50000000,0.07926577,0.00876561,0.00000000
WORKER,0.02596408,0.31556177,0.140625,leg_right_front,B,return,-0.26875001,1.48525512,-0.20426577,-0.00876559,0.01474488
WORKER,0.02596408,0.31556177,0.140625,leg_right_middle,A,stance,-0.30000001,1.50000000,-0.12385923,0.00876560,0.00000000
WORKER,0.02596408,0.31556177,0.140625,leg_right_hind,B,return,-0.26875001,1.48525524,0.20198424,-0.00876556,0.01474476
WORKER,0.02596408,0.35062417,0.156250,leg_left_front,A,stance,0.26874995,1.50000000,-0.31821859,0.00876564,0.00000000
WORKER,0.02596408,0.35062417,0.156250,leg_left_middle,B,return,0.29999998,1.48414016,-0.00990637,-0.00876559,0.01585984
WORKER,0.02596408,0.35062417,0.156250,leg_left_hind,A,stance,0.26875001,1.50000000,0.08803137,0.00876561,0.00000000
WORKER,0.02596408,0.35062417,0.156250,leg_right_front,B,return,-0.26875001,1.48414016,-0.21303137,-0.00876559,0.01585984
WORKER,0.02596408,0.35062417,0.156250,leg_right_middle,A,stance,-0.29999998,1.50000000,-0.11509363,0.00876561,0.00000000
WORKER,0.02596408,0.35062417,0.156250,leg_right_hind,B,return,-0.26875001,1.48414004,0.19321865,-0.00876559,0.01585996
WORKER,0.02596408,0.38568658,0.171875,leg_left_front,A,stance,0.26874995,1.50000000,-0.30945301,0.00876558,0.00000000
WORKER,0.02596408,0.38568658,0.171875,leg_left_middle,B,return,0.30000004,1.48317778,-0.01867197,-0.00876560,0.01682222
WORKER,0.02596408,0.38568658,0.171875,leg_left_hind,A,stance,0.26875001,1.50000000,0.09679697,0.00876560,0.00000000
WORKER,0.02596408,0.38568658,0.171875,leg_right_front,B,return,-0.26874998,1.48317778,-0.22179697,-0.00876561,0.01682222
WORKER,0.02596408,0.38568658,0.171875,leg_right_middle,A,stance,-0.29999995,1.50000012,-0.10632802,0.00876561,-0.00000012
WORKER,0.02596408,0.38568658,0.171875,leg_right_hind,B,return,-0.26874998,1.48317778,0.18445304,-0.00876561,0.01682222
WORKER,0.02596408,0.42074901,0.187500,leg_left_front,A,stance,0.26874998,1.50000000,-0.30068740,0.00876561,0.00000000
WORKER,0.02596408,0.42074901,0.187500,leg_left_middle,B,return,0.29999998,1.48237729,-0.02743758,-0.00876561,0.01762271
WORKER,0.02596408,0.42074901,0.187500,leg_left_hind,A,stance,0.26875001,1.50000012,0.10556259,0.00876562,-0.00000012
WORKER,0.02596408,0.42074901,0.187500,leg_right_front,B,return,-0.26875001,1.48237741,-0.23056258,-0.00876561,0.01762259
WORKER,0.02596408,0.42074901,0.187500,leg_right_middle,A,stance,-0.29999998,1.50000000,-0.09756242,0.00876559,0.00000000
WORKER,0.02596408,0.42074901,0.187500,leg_right_hind,B,return,-0.26874998,1.48237741,0.17568739,-0.00876565,0.01762259
WORKER,0.02596408,0.45581144,0.203125,leg_left_front,A,stance,0.26875001,1.50000000,-0.29192182,0.00876558,0.00000000
WORKER,0.02596408,0.45581144,0.203125,leg_left_middle,B,return,0.30000001,1.48174667,-0.03620318,-0.00876561,0.01825333
WORKER,0.02596408,0.45581144,0.203125,leg_left_hind,A,stance,0.26875004,1.50000012,0.11432821,0.00876562,-0.00000012
WORKER,0.02596408,0.45581144,0.203125,leg_right_front,B,return,-0.26875007,1.48174691,-0.23932821,-0.00876562,0.01825309
WORKER,0.02596408,0.45581144,0.203125,leg_right_middle,A,stance,-0.30000004,1.50000000,-0.08879681,0.00876562,0.00000000
WORKER,0.02596408,0.45581144,0.203125,leg_right_hind,B,return,-0.26875001,1.48174679,0.16692181,-0.00876558,0.01825321
WORKER,0.02596408,0.49087384,0.218750,leg_left_front,A,stance,0.26875001,1.50000000,-0.28315619,0.00876564,0.00000000
WORKER,0.02596408,0.49087384,0.218750,leg_left_middle,B,return,0.29999998,1.48129189,-0.04496879,-0.00876561,0.01870811
WORKER,0.02596408,0.49087384,0.218750,leg_left_hind,A,stance,0.26874998,1.50000000,0.12309380,0.00876559,0.00000000
WORKER,0.02596408,0.49087384,0.218750,leg_right_front,B,return,-0.26874995,1.48129189,-0.24809378,-0.00876558,0.01870811
WORKER,0.02596408,0.49087384,0.218750,leg_right_middle,A,stance,-0.29999995,1.50000000,-0.08003121,0.00876560,0.00000000
WORKER,0.02596408,0.49087384,0.218750,leg_right_hind,B,return,-0.26875001,1.48129201,0.15815620,-0.00876561,0.01870799
WORKER,0.02596408,0.52593625,0.234375,leg_left_front,A,stance,0.26875001,1.50000000,-0.27439061,0.00876558,0.00000000
WORKER,0.02596408,0.52593625,0.234375,leg_left_middle,B,return,0.29999998,1.48101723,-0.05373439,-0.00876560,0.01898277
WORKER,0.02596408,0.52593625,0.234375,leg_left_hind,A,stance,0.26875001,1.50000000,0.13185939,0.00876559,0.00000000
WORKER,0.02596408,0.52593625,0.234375,leg_right_front,B,return,-0.26875004,1.48101723,-0.25685939,-0.00876561,0.01898277
WORKER,0.02596408,0.52593625,0.234375,leg_right_middle,A,stance,-0.29999995,1.50000000,-0.07126561,0.00876560,0.00000000
WORKER,0.02596408,0.52593625,0.234375,leg_right_hind,B,return,-0.26875001,1.48101723,0.14939062,-0.00876558,0.01898277
WORKER,0.02596408,0.56099868,0.250000,leg_left_front,A,stance,0.26875001,1.50000000,-0.26562500,0.00876561,0.00000000
WORKER,0.02596408,0.56099868,0.250000,leg_left_middle,B,return,0.30000001,1.48092532,-0.06250000,-0.00876560,0.01907468
WORKER,0.02596408,0.56099868,0.250000,leg_left_hind,A,stance,0.26875001,1.50000000,0.14062500,0.00876561,0.00000000
WORKER,0.02596408,0.56099868,0.250000,leg_right_front,B,return,-0.26874998,1.48092544,-0.26562500,-0.00876561,0.01907456
WORKER,0.02596408,0.56099868,0.250000,leg_right_middle,A,stance,-0.29999998,1.50000000,-0.06250000,0.00876561,0.00000000
WORKER,0.02596408,0.56099868,0.250000,leg_right_hind,B,return,-0.26874998,1.48092544,0.14062501,-0.00876561,0.01907456
WORKER,0.02596408,0.59606111,0.265625,leg_left_front,A,stance,0.26875001,1.50000000,-0.25685939,0.00876561,0.00000000
WORKER,0.02596408,0.59606111,0.265625,leg_left_middle,B,return,0.29999998,1.48101723,-0.07126561,-0.00876561,0.01898277
WORKER,0.02596408,0.59606111,0.265625,leg_left_hind,A,stance,0.26875001,1.50000000,0.14939061,0.00876561,0.00000000
WORKER,0.02596408,0.59606111,0.265625,leg_right_front,B,return,-0.26875001,1.48101723,-0.27439061,-0.00876561,0.01898277
WORKER,0.02596408,0.59606111,0.265625,leg_right_middle,A,stance,-0.29999995,1.50000000,-0.05373440,0.00876560,0.00000000
WORKER,0.02596408,0.59606111,0.265625,leg_right_hind,B,return,-0.26875004,1.48101723,0.13185939,-0.00876562,0.01898277
WORKER,0.02596408,0.63112354,0.281250,leg_left_front,A,stance,0.26874998,1.50000000,-0.24809380,0.00876559,0.00000000
WORKER,0.02596408,0.63112354,0.281250,leg_left_middle,B,return,0.29999998,1.48129189,-0.08003122,-0.00876561,0.01870811
WORKER,0.02596408,0.63112354,0.281250,leg_left_hind,A,stance,0.26875001,1.50000000,0.15815622,0.00876561,0.00000000
WORKER,0.02596408,0.63112354,0.281250,leg_right_front,B,return,-0.26875001,1.48129201,-0.28315619,-0.00876558,0.01870799
WORKER,0.02596408,0.63112354,0.281250,leg_right_middle,A,stance,-0.29999995,1.50000000,-0.04496879,0.00876560,0.00000000
WORKER,0.02596408,0.63112354,0.281250,leg_right_hind,B,return,-0.26874995,1.48129189,0.12309378,-0.00876561,0.01870811
WORKER,0.02596408,0.66618592,0.296875,leg_left_front,A,stance,0.26875004,1.50000012,-0.23932821,0.00876559,-0.00000012
WORKER,0.02596408,0.66618592,0.296875,leg_left_middle,B,return,0.30000001,1.48174667,-0.08879681,-0.00876559,0.01825333
WORKER,0.02596408,0.66618592,0.296875,leg_left_hind,A,stance,0.26875001,1.50000000,0.16692182,0.00876561,0.00000000
WORKER,0.02596408,0.66618592,0.296875,leg_right_front,B,return,-0.26875001,1.48174679,-0.29192182,-0.00876564,0.01825321
WORKER,0.02596408,0.66618592,0.296875,leg_right_middle,A,stance,-0.30000004,1.50000000,-0.03620319,0.00876560,0.00000000
WORKER,0.02596408,0.66618592,0.296875,leg_right_hind,B,return,-0.26875007,1.48174691,0.11432820,-0.00876559,0.01825309
WORKER,0.02596408,0.70124835,0.312500,leg_left_front,A,stance,0.26875001,1.50000012,-0.23056258,0.00876562,-0.00000012
WORKER,0.02596408,0.70124835,0.312500,leg_left_middle,B,return,0.29999998,1.48237729,-0.09756242,-0.00876561,0.01762271
WORKER,0.02596408,0.70124835,0.312500,leg_left_hind,A,stance,0.26874998,1.50000000,0.17568740,0.00876558,0.00000000
WORKER,0.02596408,0.70124835,0.312500,leg_right_front,B,return,-0.26874998,1.48237741,-0.30068740,-0.00876558,0.01762259
WORKER,0.02596408,0.70124835,0.312500,leg_right_middle,A,stance,-0.29999998,1.50000000,-0.02743758,0.00876561,0.00000000
WORKER,0.02596408,0.70124835,0.312500,leg_right_hind,B,return,-0.26875001,1.48237741,0.10556259,-0.00876561,0.01762259
WORKER,0.02596408,0.73631078,0.328125,leg_left_front,A,stance,0.26875001,1.50000000,-0.22179697,0.00876561,0.00000000
WORKER,0.02596408,0.73631078,0.328125,leg_left_middle,B,return,0.30000004,1.48317778,-0.10632803,-0.00876561,0.01682222
WORKER,0.02596408,0.73631078,0.328125,leg_left_hind,A,stance,0.26874995,1.50000000,0.18445301,0.00876561,0.00000000
WORKER,0.02596408,0.73631078,0.328125,leg_right_front,B,return,-0.26874998,1.48317778,-0.30945301,-0.00876561,0.01682222
WORKER,0.02596408,0.73631078,0.328125,leg_right_middle,A,stance,-0.29999995,1.50000012,-0.01867199,0.00876560,-0.00000012
WORKER,0.02596408,0.73631078,0.328125,leg_right_hind,B,return,-0.26874998,1.48317778,0.09679697,-0.00876562,0.01682222
WORKER,0.02596408,0.77137315,0.343750,leg_left_front,A,stance,0.26874995,1.50000000,-0.21303140,0.00876558,0.00000000
WORKER,0.02596408,0.77137315,0.343750,leg_left_middle,B,return,0.29999995,1.48414016,-0.11509360,-0.00876558,0.01585984
WORKER,0.02596408,0.77137315,0.343750,leg_left_hind,A,stance,0.26874995,1.50000000,0.19321857,0.00876556,0.00000000
WORKER,0.02596408,0.77137315,0.343750,leg_right_front,B,return,-0.26874998,1.48414004,-0.31821859,-0.00876558,0.01585996
WORKER,0.02596408,0.77137315,0.343750,leg_right_middle,A,stance,-0.29999998,1.50000000,-0.00990638,0.00876560,0.00000000
WORKER,0.02596408,0.77137315,0.343750,leg_right_hind,B,return,-0.26874995,1.48414016,0.08803138,-0.00876559,0.01585984
WORKER,0.02596408,0.80643559,0.359375,leg_left_front,A,stance,0.26874998,1.50000000,-0.20426579,0.00876561,0.00000000
WORKER,0.02596408,0.80643559,0.359375,leg_left_middle,B,return,0.29999998,1.48525524,-0.12385921,-0.00876561,0.01474476
WORKER,0.02596408,0.80643559,0.359375,leg_left_hind,A,stance,0.26875004,1.50000012,0.20198426,0.00876568,-0.00000012
WORKER,0.02596408,0.80643559,0.359375,leg_right_front,B,return,-0.26875001,1.48525524,-0.32698426,-0.00876567,0.01474476
WORKER,0.02596408,0.80643559,0.359375,leg_right_middle,A,stance,-0.30000001,1.50000000,-0.00114077,0.00876561,0.00000000
WORKER,0.02596408,0.80643559,0.359375,leg_right_hind,B,return,-0.26875001,1.48525512,0.07926577,-0.00876561,0.01474488
WORKER,0.02596408,0.84149802,0.375000,leg_left_front,A,stance,0.26874998,1.50000000,-0.19550015,0.00876564,0.00000000
WORKER,0.02596408,0.84149802,0.375000,leg_left_middle,B,return,0.30000001,1.48651230,-0.13262483,-0.00876562,0.01348770
WORKER,0.02596408,0.84149802,0.375000,leg_left_hind,A,stance,0.26875001,1.50000000,0.21074980,0.00876555,0.00000000
WORKER,0.02596408,0.84149802,0.375000,leg_right_front,B,return,-0.26874998,1.48651230,-0.33574980,-0.00876555,0.01348770
WORKER,0.02596408,0.84149802,0.375000,leg_right_middle,A,stance,-0.29999998,1.50000012,0.00762484,0.00876561,-0.00000012
WORKER,0.02596408,0.84149802,0.375000,leg_right_hind,B,return,-0.26874998,1.48651230,0.07050017,-0.00876561,0.01348770
WORKER,0.02596408,0.87656045,0.390625,leg_left_front,A,stance,0.26875001,1.49999988,-0.18673456,0.00876559,0.00000012
WORKER,0.02596408,0.87656045,0.390625,leg_left_middle,B,return,0.29999998,1.48789930,-0.14139044,-0.00876561,0.01210070
WORKER,0.02596408,0.87656045,0.390625,leg_left_hind,A,stance,0.26875001,1.50000000,0.21951546,0.00876565,0.00000000
WORKER,0.02596408,0.87656045,0.390625,leg_right_front,B,return,-0.26874998,1.48789918,-0.34451541,-0.00876561,0.01210082
WORKER,0.02596408,0.87656045,0.390625,leg_right_middle,A,stance,-0.30000004,1.50000000,0.01639046,0.00876563,0.00000000
WORKER,0.02596408,0.87656045,0.390625,leg_right_hind,B,return,-0.26875001,1.48789918,0.06173456,-0.00876561,0.01210082
WORKER,0.02596408,0.91162288,0.406250,leg_left_front,A,stance,0.26874998,1.49999988,-0.17796895,0.00876561,0.00000012
WORKER,0.02596408,0.91162288,0.406250,leg_left_middle,B,return,0.30000001,1.48940277,-0.15015604,-0.00876559,0.01059723
WORKER,0.02596408,0.91162288,0.406250,leg_left_hind,A,stance,0.26875001,1.50000000,0.22828107,0.00876561,0.00000000
WORKER,0.02596408,0.91162288,0.406250,leg_right_front,B,return,-0.26874995,1.48940277,-0.35328105,-0.00876564,0.01059723
WORKER,0.02596408,0.91162288,0.406250,leg_right_middle,A,stance,-0.30000004,1.50000000,0.02515605,0.00876559,0.00000000
WORKER,0.02596408,0.91162288,0.406250,leg_right_hind,B,return,-0.26875004,1.48940277,0.05296895,-0.00876560,0.01059723
WORKER,0.02596408,0.94668525,0.421875,leg_left_front,A,stance,0.26875001,1.50000000,-0.16920336,0.00876559,0.00000000
WORKER,0.02596408,0.94668525,0.421875,leg_left_middle,B,return,0.29999995,1.49100828,-0.15892160,-0.00876556,0.00899172
WORKER,0.02596408,0.94668525,0.421875,leg_left_hind,A,stance,0.26875001,1.50000000,0.23704667,0.00876561,0.00000000
WORKER,0.02596408,0.94668525,0.421875,leg_right_front,B,return,-0.26875004,1.49100840,-0.36204666,-0.00876561,0.00899160
WORKER,0.02596408,0.94668525,0.421875,leg_right_middle,A,stance,-0.30000001,1.50000000,0.03392164,0.00876558,0.00000000
WORKER,0.02596408,0.94668525,0.421875,leg_right_hind,B,return,-0.26874992,1.49100840,0.04420336,-0.00876560,0.00899160
WORKER,0.02596408,0.98174769,0.437500,leg_left_front,A,stance,0.26875001,1.50000000,-0.16043775,0.00876561,0.00000000
WORKER,0.02596408,0.98174769,0.437500,leg_left_middle,B,return,0.30000001,1.49270046,-0.16768727,-0.00876567,0.00729954
WORKER,0.02596408,0.98174769,0.437500,leg_left_hind,A,stance,0.26874995,1.50000000,0.24581224,0.00876556,0.00000000
WORKER,0.02596408,0.98174769,0.437500,leg_right_front,B,return,-0.26874998,1.49270046,-0.37081227,-0.00876561,0.00729954
WORKER,0.02596408,0.98174769,0.437500,leg_right_middle,A,stance,-0.30000001,1.50000012,0.04268725,0.00876562,-0.00000012
WORKER,0.02596408,0.98174769,0.437500,leg_right_hind,B,return,-0.26874998,1.49270046,0.03543775,-0.00876561,0.00729954
WORKER,0.02596408,1.01681006,0.453125,leg_left_front,A,stance,0.26874998,1.50000000,-0.15167215,0.00876559,0.00000000
WORKER,0.02596408,1.01681006,0.453125,leg_left_middle,B,return,0.29999992,1.49446297,-0.17645283,-0.00876556,0.00553703
WORKER,0.02596408,1.01681006,0.453125,leg_left_hind,A,stance,0.26875001,1.50000012,0.25457785,0.00876561,-0.00000012
WORKER,0.02596408,1.01681006,0.453125,leg_right_front,B,return,-0.26875001,1.49446297,-0.37957785,-0.00876558,0.00553703
WORKER,0.02596408,1.01681006,0.453125,leg_right_middle,A,stance,-0.29999998,1.50000000,0.05145286,0.00876560,0.00000000
WORKER,0.02596408,1.01681006,0.453125,leg_right_hind,B,return,-0.26875001,1.49446297,0.02667215,-0.00876559,0.00553703
WORKER,0.02596408,1.05187249,0.468750,leg_left_front,A,stance,0.26874998,1.50000000,-0.14290655,0.00876561,0.00000000
WORKER,0.02596408,1.05187249,0.468750,leg_left_middle,B,return,0.29999998,1.49627876,-0.18521845,-0.00876562,0.00372124
WORKER,0.02596408,1.05187249,0.468750,leg_left_hind,A,stance,0.26874995,1.50000000,0.26334345,0.00876561,0.00000000
WORKER,0.02596408,1.05187249,0.468750,leg_right_front,B,return,-0.26875001,1.49627864,-0.38834351,-0.00876567,0.00372136
WORKER,0.02596408,1.05187249,0.468750,leg_right_middle,A,stance,-0.30000001,1.50000000,0.06021846,0.00876561,0.00000000
WORKER,0.02596408,1.05187249,0.468750,leg_right_hind,B,return,-0.26875001,1.49627864,0.01790655,-0.00876561,0.00372136
WORKER,0.02596408,1.08693492,0.484375,leg_left_front,A,stance,0.26874998,1.50000000,-0.13414095,0.00876559,0.00000000
WORKER,0.02596408,1.08693492,0.484375,leg_left_middle,B,return,0.30000004,1.49813044,-0.19398406,-0.00876561,0.00186956
WORKER,0.02596408,1.08693492,0.484375,leg_left_hind,A,stance,0.26874998,1.50000000,0.27210903,0.00876558,0.00000000
WORKER,0.02596408,1.08693492,0.484375,leg_right_front,B,return,-0.26875001,1.49813044,-0.39710906,-0.00876555,0.00186956
WORKER,0.02596408,1.08693492,0.484375,leg_right_middle,A,stance,-0.30000001,1.50000000,0.06898406,0.00876560,0.00000000
WORKER,0.02596408,1.08693492,0.484375,leg_right_hind,B,return,-0.26874998,1.49813044,0.00914094,-0.00876560,0.00186956
WORKER,0.02596408,1.12199736,0.500000,leg_left_front,A,stance,0.26874998,1.50000000,-0.12537535,0.00876561,0.00000000
WORKER,0.02596408,1.12199736,0.500000,leg_left_middle,B,return,0.29999998,1.50000000,-0.20274965,-0.00876559,0.00000000
WORKER,0.02596408,1.12199736,0.500000,leg_left_hind,A,stance,0.26875001,1.50000000,0.28087464,0.00876561,0.00000000
WORKER,0.02596408,1.12199736,0.500000,leg_right_front,B,return,-0.26875001,1.50000000,-0.40587464,-0.00876558,0.00000000
WORKER,0.02596408,1.12199736,0.500000,leg_right_middle,A,stance,-0.29999998,1.50000000,0.07774965,0.00876559,0.00000000
WORKER,0.02596408,1.12199736,0.500000,leg_right_hind,B,return,-0.26874998,1.50000000,0.00037534,-0.00876561,0.00000000
WORKER,0.02596408,1.15705979,0.515625,leg_left_front,A,return,0.26874998,1.49813044,-0.13414095,-0.00876561,0.00186956
WORKER,0.02596408,1.15705979,0.515625,leg_left_middle,B,stance,0.30000001,1.50000000,-0.19398406,0.00876559,0.00000000
WORKER,0.02596408,1.15705979,0.515625,leg_left_hind,A,return,0.26875001,1.49813044,0.27210906,-0.00876558,0.00186956
WORKER,0.02596408,1.15705979,0.515625,leg_right_front,B,stance,-0.26874998,1.50000000,-0.39710903,0.00876561,0.00000000
WORKER,0.02596408,1.15705979,0.515625,leg_right_middle,A,return,-0.30000004,1.49813044,0.06898407,-0.00876558,0.00186956
WORKER,0.02596408,1.15705979,0.515625,leg_right_hind,B,stance,-0.26874998,1.50000000,0.00914094,0.00876560,0.00000000
WORKER,0.02596408,1.19212222,0.531250,leg_left_front,A,return,0.26875001,1.49627864,-0.14290655,-0.00876559,0.00372136
WORKER,0.02596408,1.19212222,0.531250,leg_left_middle,B,stance,0.30000001,1.50000000,-0.18521847,0.00876559,0.00000000
WORKER,0.02596408,1.19212222,0.531250,leg_left_hind,A,return,0.26875001,1.49627864,0.26334348,-0.00876558,0.00372136
WORKER,0.02596408,1.19212222,0.531250,leg_right_front,B,stance,-0.26874995,1.50000000,-0.38834345,0.00876558,0.00000000
WORKER,0.02596408,1.19212222,0.531250,leg_right_middle,A,return,-0.30000001,1.49627876,0.06021848,-0.00876559,0.00372124
WORKER,0.02596408,1.19212222,0.531250,leg_right_hind,B,stance,-0.26874998,1.50000000,0.01790654,0.00876560,0.00000000
WORKER,0.02596408,1.22718465,0.546875,leg_left_front,A,return,0.26875001,1.49446297,-0.15167215,-0.00876561,0.00553703
WORKER,0.02596408,1.22718465,0.546875,leg_left_middle,B,stance,0.29999998,1.50000000,-0.17645288,0.00876559,0.00000000
WORKER,0.02596408,1.22718465,0.546875,leg_left_hind,A,return,0.26875001,1.49446297,0.25457785,-0.00876564,0.00553703
WORKER,0.02596408,1.22718465,0.546875,leg_right_front,B,stance,-0.26875001,1.50000012,-0.37957785,0.00876561,-0.00000012
WORKER,0.02596408,1.22718465,0.546875,leg_right_middle,A,return,-0.29999992,1.49446297,0.05145283,-0.00876564,0.00553703
WORKER,0.02596408,1.22718465,0.546875,leg_right_hind,B,stance,-0.26874998,1.50000000,0.02667215,0.00876561,0.00000000
WORKER,0.02596408,1.26224709,0.562500,leg_left_front,A,return,0.26874998,1.49270046,-0.16043775,-0.00876559,0.00729954
WORKER,0.02596408,1.26224709,0.562500,leg_left_middle,B,stance,0.30000001,1.50000012,-0.16768725,0.00876562,-0.00000012
WORKER,0.02596408,1.26224709,0.562500,leg_left_hind,A,return,0.26874998,1.49270046,0.24581222,-0.00876562,0.00729954
WORKER,0.02596408,1.26224709,0.562500,leg_right_front,B,stance,-0.26874995,1.50000000,-0.37081224,0.00876561,0.00000000
WORKER,0.02596408,1.26224709,0.562500,leg_right_middle,A,return,-0.30000001,1.49270046,0.04268725,-0.00876558,0.00729954
WORKER,0.02596408,1.26224709,0.562500,leg_right_hind,B,stance,-0.26875001,1.50000000,0.03543776,0.00876561,0.00000000
WORKER,0.02596408,1.29730940,0.578125,leg_left_front,A,return,0.26874995,1.49100840,-0.16920333,-0.00876558,0.00899160
WORKER,0.02596408,1.29730940,0.578125,leg_left_middle,B,stance,0.30000001,1.50000000,-0.15892166,0.00876559,0.00000000
WORKER,0.02596408,1.29730940,0.578125,leg_left_hind,A,return,0.26875001,1.49100840,0.23704667,-0.00876555,0.00899160
WORKER,0.02596408,1.29730940,0.578125,leg_right_front,B,stance,-0.26875001,1.50000000,-0.36204672,0.00876552,0.00000000
WORKER,0.02596408,1.29730940,0.578125,leg_right_middle,A,return,-0.29999998,1.49100828,0.03392165,-0.00876560,0.00899172
WORKER,0.02596408,1.29730940,0.578125,leg_right_hind,B,stance,-0.26875001,1.50000000,0.04420333,0.00876558,0.00000000
WORKER,0.02596408,1.33237183,0.593750,leg_left_front,A,return,0.26875001,1.48940277,-0.17796893,-0.00876561,0.01059723
WORKER,0.02596408,1.33237183,0.593750,leg_left_middle,B,stance,0.30000004,1.50000000,-0.15015605,0.00876561,0.00000000
WORKER,0.02596408,1.33237183,0.593750,leg_left_hind,A,return,0.26875001,1.48940277,0.22828108,-0.00876559,0.01059723
WORKER,0.02596408,1.33237183,0.593750,leg_right_front,B,stance,-0.26875001,1.50000000,-0.35328105,0.00876567,0.00000000
WORKER,0.02596408,1.33237183,0.593750,leg_right_middle,A,return,-0.30000001,1.48940277,0.02515605,-0.00876560,0.01059723
WORKER,0.02596408,1.33237183,0.593750,leg_right_hind,B,stance,-0.26874998,1.49999988,0.05296894,0.00876561,0.00000012
WORKER,0.02596408,1.36743426,0.609375,leg_left_front,A,return,0.26875001,1.48789918,-0.18673454,-0.00876561,0.01210082
WORKER,0.02596408,1.36743426,0.609375,leg_left_middle,B,stance,0.30000001,1.50000000,-0.14139047,0.00876558,0.00000000
WORKER,0.02596408,1.36743426,0.609375,leg_left_hind,A,return,0.26874998,1.48789918,0.21951541,-0.00876567,0.01210082
WORKER,0.02596408,1.36743426,0.609375,leg_right_front,B,stance,-0.26875001,1.50000000,-0.34451544,0.00876561,0.00000000
WORKER,0.02596408,1.36743426,0.609375,leg_right_middle,A,return,-0.30000004,1.48789930,0.01639046,-0.00876558,0.01210070
WORKER,0.02596408,1.36743426,0.609375,leg_right_hind,B,stance,-0.26875001,1.49999988,0.06173455,0.00876561,0.00000012
WORKER,0.02596408,1.40249670,0.625000,leg_left_front,A,return,0.26874998,1.48651230,-0.19550015,-0.00876561,0.01348770
WORKER,0.02596408,1.40249670,0.625000,leg_left_middle,B,stance,0.29999998,1.50000012,-0.13262483,0.00876564,-0.00000012
WORKER,0.02596408,1.40249670,0.625000,leg_left_hind,A,return,0.26874998,1.48651230,0.21074980,-0.00876561,0.01348770
WORKER,0.02596408,1.40249670,0.625000,leg_right_front,B,stance,-0.26875001,1.50000000,-0.33574980,0.00876564,0.00000000
WORKER,0.02596408,1.40249670,0.625000,leg_right_middle,A,return,-0.30000001,1.48651230,0.00762484,-0.00876562,0.01348770
WORKER,0.02596408,1.40249670,0.625000,leg_right_hind,B,stance,-0.26874998,1.50000000,0.07050016,0.00876560,0.00000000
WORKER,0.02596408,1.43755913,0.640625,leg_left_front,A,return,0.26875001,1.48525512,-0.20426577,-0.00876562,0.01474488
WORKER,0.02596408,1.43755913,0.640625,leg_left_middle,B,stance,0.30000001,1.50000000,-0.12385924,0.00876559,0.00000000
WORKER,0.02596408,1.43755913,0.640625,leg_left_hind,A,return,0.26875001,1.48525524,0.20198424,-0.00876556,0.01474476
WORKER,0.02596408,1.43755913,0.640625,leg_right_front,B,stance,-0.26875004,1.50000012,-0.32698423,0.00876558,-0.00000012
WORKER,0.02596408,1.43755913,0.640625,leg_right_middle,A,return,-0.29999998,1.48525524,-0.00114077,-0.00876560,0.01474476
WORKER,0.02596408,1.43755913,0.640625,leg_right_hind,B,stance,-0.26874998,1.50000000,0.07926577,0.00876561,0.00000000
WORKER,0.02596408,1.47262156,0.656250,leg_left_front,A,return,0.26875001,1.48414016,-0.21303138,-0.00876561,0.01585984
WORKER,0.02596408,1.47262156,0.656250,leg_left_middle,B,stance,0.29999998,1.50000000,-0.11509363,0.00876562,0.00000000
WORKER,0.02596408,1.47262156,0.656250,leg_left_hind,A,return,0.26874998,1.48414004,0.19321859,-0.00876565,0.01585996
WORKER,0.02596408,1.47262156,0.656250,leg_right_front,B,stance,-0.26874995,1.50000000,-0.31821856,0.00876567,0.00000000
WORKER,0.02596408,1.47262156,0.656250,leg_right_middle,A,return,-0.29999998,1.48414016,-0.00990637,-0.00876560,0.01585984
WORKER,0.02596408,1.47262156,0.656250,leg_right_hind,B,stance,-0.26875001,1.50000000,0.08803137,0.00876561,0.00000000
WORKER,0.02596408,1.50768399,0.671875,leg_left_front,A,return,0.26874998,1.48317778,-0.22179697,-0.00876559,0.01682222
WORKER,0.02596408,1.50768399,0.671875,leg_left_middle,B,stance,0.29999995,1.50000012,-0.10632801,0.00876562,-0.00000012
WORKER,0.02596408,1.50768399,0.671875,leg_left_hind,A,return,0.26874998,1.48317778,0.18445303,-0.00876556,0.01682222
WORKER,0.02596408,1.50768399,0.671875,leg_right_front,B,stance,-0.26874995,1.50000000,-0.30945301,0.00876555,0.00000000
WORKER,0.02596408,1.50768399,0.671875,leg_right_middle,A,return,-0.30000004,1.48317778,-0.01867198,-0.00876561,0.01682222
WORKER,0.02596408,1.50768399,0.671875,leg_right_hind,B,stance,-0.26875001,1.50000000,0.09679699,0.00876562,0.00000000
WORKER,0.02596408,1.54274631,0.687500,leg_left_front,A,return,0.26875001,1.48237741,-0.23056255,-0.00876558,0.01762259
WORKER,0.02596408,1.54274631,0.687500,leg_left_middle,B,stance,0.29999998,1.50000000,-0.09756245,0.00876556,0.00000000
WORKER,0.02596408,1.54274631,0.687500,leg_left_hind,A,return,0.26874998,1.48237741,0.17568742,-0.00876561,0.01762259
WORKER,0.02596408,1.54274631,0.687500,leg_right_front,B,stance,-0.26874998,1.50000000,-0.30068743,0.00876558,0.00000000
WORKER,0.02596408,1.54274631,0.687500,leg_right_middle,A,return,-0.29999998,1.48237729,-0.02743756,-0.00876558,0.01762271
WORKER,0.02596408,1.54274631,0.687500,leg_right_hind,B,stance,-0.26875001,1.50000012,0.10556257,0.00876558,-0.00000012
WORKER,0.02596408,1.57780874,0.703125,leg_left_front,A,return,0.26875007,1.48174667,-0.23932819,-0.00876564,0.01825333
WORKER,0.02596408,1.57780874,0.703125,leg_left_middle,B,stance,0.30000004,1.50000000,-0.08879683,0.00876562,0.00000000
WORKER,0.02596408,1.57780874,0.703125,leg_left_hind,A,return,0.26875001,1.48174679,0.16692184,-0.00876558,0.01825321
WORKER,0.02596408,1.57780874,0.703125,leg_right_front,B,stance,-0.26875004,1.50000000,-0.29192188,0.00876555,0.00000000
WORKER,0.02596408,1.57780874,0.703125,leg_right_middle,A,return,-0.30000001,1.48174667,-0.03620316,-0.00876561,0.01825333
WORKER,0.02596408,1.57780874,0.703125,leg_right_hind,B,stance,-0.26875004,1.50000012,0.11432818,0.00876562,-0.00000012
WORKER,0.02596408,1.61287117,0.718750,leg_left_front,A,return,0.26875001,1.48129189,-0.24809378,-0.00876559,0.01870811
WORKER,0.02596408,1.61287117,0.718750,leg_left_middle,B,stance,0.29999995,1.50000000,-0.08003122,0.00876561,0.00000000
WORKER,0.02596408,1.61287117,0.718750,leg_left_hind,A,return,0.26875001,1.48129201,0.15815622,-0.00876562,0.01870799
WORKER,0.02596408,1.61287117,0.718750,leg_right_front,B,stance,-0.26875001,1.50000000,-0.28315622,0.00876567,0.00000000
WORKER,0.02596408,1.61287117,0.718750,leg_right_middle,A,return,-0.29999998,1.48129189,-0.04496878,-0.00876562,0.01870811
WORKER,0.02596408,1.61287117,0.718750,leg_right_hind,B,stance,-0.26875004,1.50000000,0.12309380,0.00876562,0.00000000
WORKER,0.02596408,1.64793360,0.734375,leg_left_front,A,return,0.26875004,1.48101723,-0.25685939,-0.00876561,0.01898277
WORKER,0.02596408,1.64793360,0.734375,leg_left_middle,B,stance,0.29999995,1.50000000,-0.07126561,0.00876562,0.00000000
WORKER,0.02596408,1.64793360,0.734375,leg_left_hind,A,return,0.26875001,1.48101723,0.14939062,-0.00876559,0.01898277
WORKER,0.02596408,1.64793360,0.734375,leg_right_front,B,stance,-0.26875004,1.50000000,-0.27439064,0.00876558,0.00000000
WORKER,0.02596408,1.64793360,0.734375,leg_right_middle,A,return,-0.29999998,1.48101723,-0.05373439,-0.00876561,0.01898277
WORKER,0.02596408,1.64793360,0.734375,leg_right_hind,B,stance,-0.26875001,1.50000000,0.13185939,0.00876559,0.00000000
WORKER,0.02596408,1.68299603,0.750000,leg_left_front,A,return,0.26874998,1.48092544,-0.26562500,-0.00876561,0.01907456
WORKER,0.02596408,1.68299603,0.750000,leg_left_middle,B,stance,0.29999998,1.50000000,-0.06250001,0.00876560,0.00000000
WORKER,0.02596408,1.68299603,0.750000,leg_left_hind,A,return,0.26874998,1.48092544,0.14062501,-0.00876561,0.01907456
WORKER,0.02596408,1.68299603,0.750000,leg_right_front,B,stance,-0.26875001,1.50000000,-0.26562500,0.00876564,0.00000000
WORKER,0.02596408,1.68299603,0.750000,leg_right_middle,A,return,-0.30000001,1.48092532,-0.06249999,-0.00876560,0.01907468
WORKER,0.02596408,1.68299603,0.750000,leg_right_hind,B,stance,-0.26875001,1.50000000,0.14062500,0.00876561,0.00000000
WORKER,0.02596408,1.71805847,0.765625,leg_left_front,A,return,0.26875001,1.48101723,-0.27439061,-0.00876561,0.01898277
WORKER,0.02596408,1.71805847,0.765625,leg_left_middle,B,stance,0.29999995,1.50000000,-0.05373440,0.00876561,0.00000000
WORKER,0.02596408,1.71805847,0.765625,leg_left_hind,A,return,0.26875004,1.48101723,0.13185939,-0.00876562,0.01898277
WORKER,0.02596408,1.71805847,0.765625,leg_right_front,B,stance,-0.26875001,1.50000000,-0.25685939,0.00876561,0.00000000
WORKER,0.02596408,1.71805847,0.765625,leg_right_middle,A,return,-0.29999998,1.48101723,-0.07126560,-0.00876561,0.01898277
WORKER,0.02596408,1.71805847,0.765625,leg_right_hind,B,stance,-0.26875001,1.50000000,0.14939061,0.00876561,0.00000000
WORKER,0.02596408,1.75312090,0.781250,leg_left_front,A,return,0.26875001,1.48129201,-0.28315619,-0.00876558,0.01870799
WORKER,0.02596408,1.75312090,0.781250,leg_left_middle,B,stance,0.29999995,1.50000000,-0.04496880,0.00876560,0.00000000
WORKER,0.02596408,1.75312090,0.781250,leg_left_hind,A,return,0.26874995,1.48129189,0.12309379,-0.00876560,0.01870811
WORKER,0.02596408,1.75312090,0.781250,leg_right_front,B,stance,-0.26874998,1.50000000,-0.24809380,0.00876559,0.00000000
WORKER,0.02596408,1.75312090,0.781250,leg_right_middle,A,return,-0.29999998,1.48129189,-0.08003120,-0.00876560,0.01870811
WORKER,0.02596408,1.75312090,0.781250,leg_right_hind,B,stance,-0.26875001,1.50000000,0.15815622,0.00876561,0.00000000
WORKER,0.02596408,1.78818333,0.796875,leg_left_front,A,return,0.26875001,1.48174679,-0.29192185,-0.00876567,0.01825321
WORKER,0.02596408,1.78818333,0.796875,leg_left_middle,B,stance,0.30000004,1.50000000,-0.03620318,0.00876562,0.00000000
WORKER,0.02596408,1.78818333,0.796875,leg_left_hind,A,return,0.26875007,1.48174667,0.11432819,-0.00876560,0.01825333
WORKER,0.02596408,1.78818333,0.796875,leg_right_front,B,stance,-0.26875004,1.50000012,-0.23932819,0.00876561,-0.00000012
WORKER,0.02596408,1.78818333,0.796875,leg_right_middle,A,return,-0.30000001,1.48174667,-0.08879682,-0.00876562,0.01825333
WORKER,0.02596408,1.78818333,0.796875,leg_right_hind,B,stance,-0.26875001,1.50000000,0.16692182,0.00876561,0.00000000
WORKER,0.02596408,1.82324576,0.812500,leg_left_front,A,return,0.26874998,1.48237741,-0.30068743,-0.00876558,0.01762259
WORKER,0.02596408,1.82324576,0.812500,leg_left_middle,B,stance,0.29999998,1.50000000,-0.02743758,0.00876561,0.00000000
WORKER,0.02596408,1.82324576,0.812500,leg_left_hind,A,return,0.26875001,1.48237741,0.10556258,-0.00876561,0.01762259
WORKER,0.02596408,1.82324576,0.812500,leg_right_front,B,stance,-0.26875001,1.50000012,-0.23056258,0.00876561,-0.00000012
WORKER,0.02596408,1.82324576,0.812500,leg_right_middle,A,return,-0.29999998,1.48237729,-0.09756242,-0.00876560,0.01762271
WORKER,0.02596408,1.82324576,0.812500,leg_right_hind,B,stance,-0.26874998,1.50000000,0.17568742,0.00876559,0.00000000
WORKER,0.02596408,1.85830808,0.828125,leg_left_front,A,return,0.26874998,1.48317778,-0.30945301,-0.00876558,0.01682222
WORKER,0.02596408,1.85830808,0.828125,leg_left_middle,B,stance,0.29999995,1.50000012,-0.01867201,0.00876557,-0.00000012
WORKER,0.02596408,1.85830808,0.828125,leg_left_hind,A,return,0.26874998,1.48317778,0.09679699,-0.00876559,0.01682222
WORKER,0.02596408,1.85830808,0.828125,leg_right_front,B,stance,-0.26875001,1.50000000,-0.22179700,0.00876558,0.00000000
WORKER,0.02596408,1.85830808,0.828125,leg_right_middle,A,return,-0.30000004,1.48317778,-0.10632800,-0.00876558,0.01682222
WORKER,0.02596408,1.85830808,0.828125,leg_right_hind,B,stance,-0.26874995,1.50000000,0.18445301,0.00876559,0.00000000
WORKER,0.02596408,1.89337051,0.843750,leg_left_front,A,return,0.26874998,1.48414004,-0.31821859,-0.00876558,0.01585996
WORKER,0.02596408,1.89337051,0.843750,leg_left_middle,B,stance,0.29999998,1.50000000,-0.00990639,0.00876562,0.00000000
WORKER,0.02596408,1.89337051,0.843750,leg_left_hind,A,return,0.26874995,1.48414016,0.08803138,-0.00876561,0.01585984
WORKER,0.02596408,1.89337051,0.843750,leg_right_front,B,stance,-0.26874995,1.50000000,-0.21303140,0.00876561,0.00000000
WORKER,0.02596408,1.89337051,0.843750,leg_right_middle,A,return,-0.29999995,1.48414016,-0.11509360,-0.00876560,0.01585984
WORKER,0.02596408,1.89337051,0.843750,leg_right_hind,B,stance,-0.26874995,1.50000000,0.19321857,0.00876556,0.00000000
WORKER,0.02596408,1.92843294,0.859375,leg_left_front,A,return,0.26875001,1.48525524,-0.32698426,-0.00876567,0.01474476
WORKER,0.02596408,1.92843294,0.859375,leg_left_middle,B,stance,0.30000001,1.50000000,-0.00114077,0.00876561,0.00000000
WORKER,0.02596408,1.92843294,0.859375,leg_left_hind,A,return,0.26875001,1.48525512,0.07926578,-0.00876560,0.01474488
WORKER,0.02596408,1.92843294,0.859375,leg_right_front,B,stance,-0.26874998,1.50000000,-0.20426579,0.00876561,0.00000000
WORKER,0.02596408,1.92843294,0.859375,leg_right_middle,A,return,-0.29999998,1.48525524,-0.12385921,-0.00876561,0.01474476
WORKER,0.02596408,1.92843294,0.859375,leg_right_hind,B,stance,-0.26875004,1.50000012,0.20198426,0.00876568,-0.00000012
WORKER,0.02596408,1.96349537,0.875000,leg_left_front,A,return,0.26874998,1.48651230,-0.33574980,-0.00876555,0.01348770
WORKER,0.02596408,1.96349537,0.875000,leg_left_middle,B,stance,0.29999998,1.50000012,0.00762483,0.00876560,-0.00000012
WORKER,0.02596408,1.96349537,0.875000,leg_left_hind,A,return,0.26874998,1.48651230,0.07050017,-0.00876562,0.01348770
WORKER,0.02596408,1.96349537,0.875000,leg_right_front,B,stance,-0.26874998,1.50000000,-0.19550017,0.00876562,0.00000000
WORKER,0.02596408,1.96349537,0.875000,leg_right_middle,A,return,-0.30000001,1.48651230,-0.13262482,-0.00876561,0.01348770
WORKER,0.02596408,1.96349537,0.875000,leg_right_hind,B,stance,-0.26875001,1.50000000,0.21074980,0.00876555,0.00000000
WORKER,0.02596408,1.99855781,0.890625,leg_left_front,A,return,0.26874998,1.48789918,-0.34451541,-0.00876561,0.01210082
WORKER,0.02596408,1.99855781,0.890625,leg_left_middle,B,stance,0.30000004,1.50000000,0.01639045,0.00876562,0.00000000
WORKER,0.02596408,1.99855781,0.890625,leg_left_hind,A,return,0.26875001,1.48789918,0.06173456,-0.00876560,0.01210082
WORKER,0.02596408,1.99855781,0.890625,leg_right_front,B,stance,-0.26875001,1.49999988,-0.18673457,0.00876559,0.00000012
WORKER,0.02596408,1.99855781,0.890625,leg_right_middle,A,return,-0.29999998,1.48789930,-0.14139043,-0.00876561,0.01210070
WORKER,0.02596408,1.99855781,0.890625,leg_right_hind,B,stance,-0.26875001,1.50000000,0.21951546,0.00876565,0.00000000
WORKER,0.02596408,2.03362012,0.906250,leg_left_front,A,return,0.26875001,1.48940277,-0.35328105,-0.00876564,0.01059723
WORKER,0.02596408,2.03362012,0.906250,leg_left_middle,B,stance,0.30000007,1.50000000,0.02515602,0.00876557,0.00000000
WORKER,0.02596408,2.03362012,0.906250,leg_left_hind,A,return,0.26875004,1.48940277,0.05296899,-0.00876558,0.01059723
WORKER,0.02596408,2.03362012,0.906250,leg_right_front,B,stance,-0.26874998,1.49999988,-0.17796899,0.00876558,0.00000012
WORKER,0.02596408,2.03362012,0.906250,leg_right_middle,A,return,-0.30000001,1.48940277,-0.15015601,-0.00876558,0.01059723
WORKER,0.02596408,2.03362012,0.906250,leg_right_hind,B,stance,-0.26875001,1.50000012,0.22828101,0.00876555,-0.00000012
WORKER,0.02596408,2.06868267,0.921875,leg_left_front,A,return,0.26875001,1.49100840,-0.36204669,-0.00876564,0.00899160
WORKER,0.02596408,2.06868267,0.921875,leg_left_middle,B,stance,0.30000001,1.50000000,0.03392164,0.00876561,0.00000000
WORKER,0.02596408,2.06868267,0.921875,leg_left_hind,A,return,0.26874992,1.49100840,0.04420335,-0.00876563,0.00899160
WORKER,0.02596408,2.06868267,0.921875,leg_right_front,B,stance,-0.26875001,1.50000000,-0.16920334,0.00876565,0.00000000
WORKER,0.02596408,2.06868267,0.921875,leg_right_middle,A,return,-0.29999995,1.49100828,-0.15892160,-0.00876559,0.00899172
WORKER,0.02596408,2.06868267,0.921875,leg_right_hind,B,stance,-0.26875001,1.50000000,0.23704670,0.00876570,0.00000000
WORKER,0.02596408,2.10374498,0.937500,leg_left_front,A,return,0.26874998,1.49270046,-0.37081224,-0.00876555,0.00729954
WORKER,0.02596408,2.10374498,0.937500,leg_left_middle,B,stance,0.30000001,1.50000012,0.04268723,0.00876560,-0.00000012
WORKER,0.02596408,2.10374498,0.937500,leg_left_hind,A,return,0.26874998,1.49270046,0.03543777,-0.00876558,0.00729954
WORKER,0.02596408,2.10374498,0.937500,leg_right_front,B,stance,-0.26875001,1.50000000,-0.16043778,0.00876556,0.00000000
WORKER,0.02596408,2.10374498,0.937500,leg_right_middle,A,return,-0.30000001,1.49270058,-0.16768724,-0.00876564,0.00729942
WORKER,0.02596408,2.10374498,0.937500,leg_right_hind,B,stance,-0.26874995,1.50000000,0.24581222,0.00876552,0.00000000
WORKER,0.02596408,2.13880754,0.953125,leg_left_front,A,return,0.26874995,1.49446297,-0.37957788,-0.00876564,0.00553703
WORKER,0.02596408,2.13880754,0.953125,leg_left_middle,B,stance,0.29999998,1.50000000,0.05145288,0.00876565,0.00000000
WORKER,0.02596408,2.13880754,0.953125,leg_left_hind,A,return,0.26875001,1.49446297,0.02667213,-0.00876564,0.00553703
WORKER,0.02596408,2.13880754,0.953125,leg_right_front,B,stance,-0.26874998,1.50000000,-0.15167212,0.00876565,0.00000000
WORKER,0.02596408,2.13880754,0.953125,leg_right_middle,A,return,-0.29999992,1.49446297,-0.17645285,-0.00876561,0.00553703
WORKER,0.02596408,2.13880754,0.953125,leg_right_hind,B,stance,-0.26874998,1.50000000,0.25457785,0.00876562,0.00000000
WORKER,0.02596408,2.17386985,0.968750,leg_left_front,A,return,0.26875001,1.49627864,-0.38834351,-0.00876564,0.00372136
WORKER,0.02596408,2.17386985,0.968750,leg_left_middle,B,stance,0.30000001,1.50000000,0.06021846,0.00876559,0.00000000
WORKER,0.02596408,2.17386985,0.968750,leg_left_hind,A,return,0.26875001,1.49627864,0.01790655,-0.00876558,0.00372136
WORKER,0.02596408,2.17386985,0.968750,leg_right_front,B,stance,-0.26874998,1.50000000,-0.14290656,0.00876556,0.00000000
WORKER,0.02596408,2.17386985,0.968750,leg_right_middle,A,return,-0.29999998,1.49627876,-0.18521845,-0.00876561,0.00372124
WORKER,0.02596408,2.17386985,0.968750,leg_right_hind,B,stance,-0.26874995,1.50000000,0.26334345,0.00876561,0.00000000
WORKER,0.02596408,2.20893240,0.984375,leg_left_front,A,return,0.26874995,1.49813044,-0.39710909,-0.00876558,0.00186956
WORKER,0.02596408,2.20893240,0.984375,leg_left_middle,B,stance,0.30000001,1.50000000,0.06898411,0.00876564,0.00000000
WORKER,0.02596408,2.20893240,0.984375,leg_left_hind,A,return,0.26874998,1.49813044,0.00914091,-0.00876564,0.00186956
WORKER,0.02596408,2.20893240,0.984375,leg_right_front,B,stance,-0.26875001,1.50000000,-0.13414091,0.00876565,0.00000000
WORKER,0.02596408,2.20893240,0.984375,leg_right_middle,A,return,-0.30000004,1.49813044,-0.19398409,-0.00876564,0.00186956
WORKER,0.02596408,2.20893240,0.984375,leg_right_hind,B,stance,-0.26874995,1.50000000,0.27210906,0.00876561,0.00000000
WORKER,0.02596408,2.24399471,1.000000,leg_left_front,A,return,0.26875001,1.50000000,-0.40587464,-0.00876555,0.00000000
WORKER,0.02596408,2.24399471,1.000000,leg_left_middle,B,stance,0.29999998,1.50000000,0.07774965,0.00876554,0.00000000
WORKER,0.02596408,2.24399471,1.000000,leg_left_hind,A,return,0.26874998,1.50000000,0.00037534,-0.00876557,0.00000000
WORKER,0.02596408,2.24399471,1.000000,leg_right_front,B,stance,-0.26874998,1.50000000,-0.12537535,0.00876556,0.00000000
WORKER,0.02596408,2.24399471,1.000000,leg_right_middle,A,return,-0.29999998,1.50000000,-0.20274965,-0.00876556,0.00000000
WORKER,0.02596408,2.24399471,1.000000,leg_right_hind,B,stance,-0.26875001,1.50000000,0.28087464,0.00876558,0.00000000
WORKER,0.11276144,0.00000000,0.000000,leg_left_front,A,stance,0.26875001,1.50000000,-0.40587464,0.00000000,0.00000000
WORKER,0.11276144,0.00000000,0.000000,leg_left_middle,B,return,0.29999998,1.50000000,0.07774965,0.00000000,0.00000000
WORKER,0.11276144,0.00000000,0.000000,leg_left_hind,A,stance,0.26874998,1.50000000,0.00037534,0.00000000,0.00000000
WORKER,0.11276144,0.00000000,0.000000,leg_right_front,B,return,-0.26874998,1.50000000,-0.12537535,0.00000000,0.00000000
WORKER,0.11276144,0.00000000,0.000000,leg_right_middle,A,stance,-0.29999998,1.50000000,-0.20274965,0.00000000,0.00000000
WORKER,0.11276144,0.00000000,0.000000,leg_right_hind,B,return,-0.26875001,1.50000000,0.28087464,0.00000000,0.00000000
WORKER,0.11276144,0.03506242,0.015625,leg_left_front,A,stance,0.26874998,1.50000000,-0.39710903,0.00876561,0.00000000
WORKER,0.11276144,0.03506242,0.015625,leg_left_middle,B,return,0.30000001,1.49802411,0.06898406,-0.00876559,0.00197589
WORKER,0.11276144,0.03506242,0.015625,leg_left_hind,A,stance,0.26874998,1.50000000,0.00914094,0.00876560,0.00000000
WORKER,0.11276144,0.03506242,0.015625,leg_right_front,B,return,-0.26874998,1.49802399,-0.13414094,-0.00876559,0.00197601
WORKER,0.11276144,0.03506242,0.015625,leg_right_middle,A,stance,-0.30000001,1.50000000,-0.19398406,0.00876559,0.00000000
WORKER,0.11276144,0.03506242,0.015625,leg_right_hind,B,return,-0.26874998,1.49802399,0.27210906,-0.00876558,0.00197601
WORKER,0.11276144,0.07012483,0.031250,leg_left_front,A,stance,0.26874995,1.50000000,-0.38834345,0.00876558,0.00000000
WORKER,0.11276144,0.07012483,0.031250,leg_left_middle,B,return,0.29999992,1.49606717,0.06021845,-0.00876561,0.00393283
WORKER,0.11276144,0.07012483,0.031250,leg_left_hind,A,stance,0.26874998,1.50000000,0.01790654,0.00876560,0.00000000
WORKER,0.11276144,0.07012483,0.031250,leg_right_front,B,return,-0.26874998,1.49606705,-0.14290655,-0.00876561,0.00393295
WORKER,0.11276144,0.07012483,0.031250,leg_right_middle,A,stance,-0.30000001,1.50000000,-0.18521847,0.00876559,0.00000000
WORKER,0.11276144,0.07012483,0.031250,leg_right_hind,B,return,-0.26874998,1.49606717,0.26334342,-0.00876564,0.00393283
WORKER,0.11276144,0.10518725,0.046875,leg_left_front,A,stance,0.26874998,1.50000000,-0.37957785,0.00876561,0.00000000
WORKER,0.11276144,0.10518725,0.046875,leg_left_middle,B,return,0.30000001,1.49414802,0.05145288,-0.00876557,0.00585198
WORKER,0.11276144,0.10518725,0.046875,leg_left_hind,A,stance,0.26874998,1.50000000,0.02667214,0.00876560,0.00000000
WORKER,0.11276144,0.10518725,0.046875,leg_right_front,B,return,-0.26874998,1.49414802,-0.15167214,-0.00876559,0.00585198
WORKER,0.11276144,0.10518725,0.046875,leg_right_middle,A,stance,-0.29999998,1.50000000,-0.17645288,0.00876559,0.00000000
WORKER,0.11276144,0.10518725,0.046875,leg_right_hind,B,return,-0.26874998,1.49414802,0.25457785,-0.00876558,0.00585198
WORKER,0.11276144,0.14024967,0.062500,leg_left_front,A,stance,0.26874995,1.50000000,-0.37081224,0.00876561,0.00000000
WORKER,0.11276144,0.14024967,0.062500,leg_left_middle,B,return,0.29999998,1.49228525,0.04268724,-0.00876564,0.00771475
WORKER,0.11276144,0.14024967,0.062500,leg_left_hind,A,stance,0.26875001,1.50000000,0.03543775,0.00876561,0.00000000
WORKER,0.11276144,0.14024967,0.062500,leg_right_front,B,return,-0.26875001,1.49228525,-0.16043775,-0.00876561,0.00771475
WORKER,0.11276144,0.14024967,0.062500,leg_right_middle,A,stance,-0.30000001,1.50000012,-0.16768725,0.00876562,-0.00000012
WORKER,0.11276144,0.14024967,0.062500,leg_right_hind,B,return,-0.26874998,1.49228525,0.24581225,-0.00876559,0.00771475
WORKER,0.11276144,0.17531209,0.078125,leg_left_front,A,stance,0.26875001,1.50000000,-0.36204672,0.00876552,0.00000000
WORKER,0.11276144,0.17531209,0.078125,leg_left_middle,B,return,0.29999998,1.49049687,0.03392164,-0.00876560,0.00950313
WORKER,0.11276144,0.17531209,0.078125,leg_left_hind,A,stance,0.26875001,1.50000000,0.04420335,0.00876560,0.00000000
WORKER,0.11276144,0.17531209,0.078125,leg_right_front,B,return,-0.26875001,1.49049687,-0.16920334,-0.00876559,0.00950313
WORKER,0.11276144,0.17531209,0.078125,leg_right_middle,A,stance,-0.30000001,1.50000000,-0.15892164,0.00876561,0.00000000
WORKER,0.11276144,0.17531209,0.078125,leg_right_hind,B,return,-0.26875001,1.49049675,0.23704669,-0.00876556,0.00950325
WORKER,0.11276144,0.21037450,0.093750,leg_left_front,A,stance,0.26875001,1.50000000,-0.35328105,0.00876567,0.00000000
WORKER,0.11276144,0.21037450,0.093750,leg_left_middle,B,return,0.30000004,1.48879993,0.02515604,-0.00876560,0.01120007
WORKER,0.11276144,0.21037450,0.093750,leg_left_hind,A,stance,0.26874998,1.49999988,0.05296896,0.00876560,0.00000012
WORKER,0.11276144,0.21037450,0.093750,leg_right_front,B,return,-0.26874998,1.48879993,-0.17796896,-0.00876562,0.01120007
WORKER,0.11276144,0.21037450,0.093750,leg_right_middle,A,stance,-0.30000004,1.50000000,-0.15015605,0.00876559,0.00000000
WORKER,0.11276144,0.21037450,0.093750,leg_right_hind,B,return,-0.26874998,1.48880017,0.22828107,-0.00876562,0.01119983
WORKER,0.11276144,0.24543692,0.109375,leg_left_front,A,stance,0.26875001,1.50000000,-0.34451544,0.00876561,0.00000000
WORKER,0.11276144,0.24543692,0.109375,leg_left_middle,B,return,0.30000004,1.48721099,0.01639046,-0.00876558,0.01278901
WORKER,0.11276144,0.24543692,0.109375,leg_left_hind,A,stance,0.26875001,1.49999988,0.06173456,0.00876560,0.00000012
WORKER,0.11276144,0.24543692,0.109375,leg_right_front,B,return,-0.26875004,1.48721087,-0.18673456,-0.00876559,0.01278913
WORKER,0.11276144,0.24543692,0.109375,leg_right_middle,A,stance,-0.30000004,1.50000000,-0.14139046,0.00876559,0.00000000
WORKER,0.11276144,0.24543692,0.109375,leg_right_hind,B,return,-0.26874998,1.48721099,0.21951541,-0.00876565,0.01278901
WORKER,0.11276144,0.28049934,0.125000,leg_left_front,A,stance,0.26875001,1.50000000,-0.33574980,0.00876564,0.00000000
WORKER,0.11276144,0.28049934,0.125000,leg_left_middle,B,return,0.29999998,1.48574507,0.00762482,-0.00876563,0.01425493
WORKER,0.11276144,0.28049934,0.125000,leg_left_hind,A,stance,0.26874998,1.50000000,0.07050016,0.00876560,0.00000000
WORKER,0.11276144,0.28049934,0.125000,leg_right_front,B,return,-0.26875004,1.48574507,-0.19550017,-0.00876561,0.01425493
WORKER,0.11276144,0.28049934,0.125000,leg_right_middle,A,stance,-0.29999998,1.50000012,-0.13262483,0.00876562,-0.00000012
WORKER,0.11276144,0.28049934,0.125000,leg_right_hind,B,return,-0.26874998,1.48574507,0.21074982,-0.00876559,0.01425493
WORKER,0.11276144,0.31556177,0.140625,leg_left_front,A,stance,0.26875004,1.50000012,-0.32698423,0.00876558,-0.00000012
WORKER,0.11276144,0.31556177,0.140625,leg_left_middle,B,return,0.29999998,1.48441648,-0.00114078,-0.00876561,0.01558352
WORKER,0.11276144,0.31556177,0.140625,leg_left_hind,A,stance,0.26874998,1.50000000,0.07926577,0.00876561,0.00000000
WORKER,0.11276144,0.31556177,0.140625,leg_right_front,B,return,-0.26875004,1.48441648,-0.20426577,-0.00876561,0.01558352
WORKER,0.11276144,0.31556177,0.140625,leg_right_middle,A,stance,-0.30000001,1.50000000,-0.12385923,0.00876560,0.00000000
WORKER,0.11276144,0.31556177,0.140625,leg_right_hind,B,return,-0.26875004,1.48441648,0.20198424,-0.00876558,0.01558352
WORKER,0.11276144,0.35062417,0.156250,leg_left_front,A,stance,0.26874995,1.50000000,-0.31821859,0.00876564,0.00000000
WORKER,0.11276144,0.35062417,0.156250,leg_left_middle,B,return,0.30000001,1.48323810,-0.00990637,-0.00876558,0.01676190
WORKER,0.11276144,0.35062417,0.156250,leg_left_hind,A,stance,0.26875001,1.50000000,0.08803137,0.00876561,0.00000000
WORKER,0.11276144,0.35062417,0.156250,leg_right_front,B,return,-0.26875004,1.48323798,-0.21303137,-0.00876559,0.01676202
WORKER,0.11276144,0.35062417,0.156250,leg_right_middle,A,stance,-0.29999998,1.50000000,-0.11509363,0.00876561,0.00000000
WORKER,0.11276144,0.35062417,0.156250,leg_right_hind,B,return,-0.26874995,1.48323798,0.19321863,-0.00876561,0.01676202
WORKER,0.11276144,0.38568658,0.171875,leg_left_front,A,stance,0.26874995,1.50000000,-0.30945301,0.00876558,0.00000000
WORKER,0.11276144,0.38568658,0.171875,leg_left_middle,B,return,0.29999998,1.48222089,-0.01867197,-0.00876560,0.01777911
WORKER,0.11276144,0.38568658,0.171875,leg_left_hind,A,stance,0.26875001,1.50000000,0.09679697,0.00876560,0.00000000
WORKER,0.11276144,0.38568658,0.171875,leg_right_front,B,return,-0.26875001,1.48222089,-0.22179697,-0.00876561,0.01777911
WORKER,0.11276144,0.38568658,0.171875,leg_right_middle,A,stance,-0.29999995,1.50000012,-0.10632802,0.00876561,-0.00000012
WORKER,0.11276144,0.38568658,0.171875,leg_right_hind,B,return,-0.26874995,1.48222089,0.18445301,-0.00876562,0.01777911
WORKER,0.11276144,0.42074901,0.187500,leg_left_front,A,stance,0.26874998,1.50000000,-0.30068740,0.00876561,0.00000000
WORKER,0.11276144,0.42074901,0.187500,leg_left_middle,B,return,0.30000001,1.48137498,-0.02743758,-0.00876560,0.01862502
WORKER,0.11276144,0.42074901,0.187500,leg_left_hind,A,stance,0.26875001,1.50000012,0.10556259,0.00876562,-0.00000012
WORKER,0.11276144,0.42074901,0.187500,leg_right_front,B,return,-0.26875001,1.48137510,-0.23056258,-0.00876561,0.01862490
WORKER,0.11276144,0.42074901,0.187500,leg_right_middle,A,stance,-0.29999998,1.50000000,-0.09756242,0.00876559,0.00000000
WORKER,0.11276144,0.42074901,0.187500,leg_right_hind,B,return,-0.26874995,1.48137498,0.17568740,-0.00876561,0.01862502
WORKER,0.11276144,0.45581144,0.203125,leg_left_front,A,stance,0.26875001,1.50000000,-0.29192182,0.00876558,0.00000000
WORKER,0.11276144,0.45581144,0.203125,leg_left_middle,B,return,0.29999998,1.48070848,-0.03620319,-0.00876561,0.01929152
WORKER,0.11276144,0.45581144,0.203125,leg_left_hind,A,stance,0.26875004,1.50000012,0.11432821,0.00876562,-0.00000012
WORKER,0.11276144,0.45581144,0.203125,leg_right_front,B,return,-0.26875001,1.48070848,-0.23932819,-0.00876561,0.01929152
WORKER,0.11276144,0.45581144,0.203125,leg_right_middle,A,stance,-0.30000004,1.50000000,-0.08879681,0.00876562,0.00000000
WORKER,0.11276144,0.45581144,0.203125,leg_right_hind,B,return,-0.26874998,1.48070848,0.16692181,-0.00876559,0.01929152
WORKER,0.11276144,0.49087384,0.218750,leg_left_front,A,stance,0.26875001,1.50000000,-0.28315619,0.00876564,0.00000000
WORKER,0.11276144,0.49087384,0.218750,leg_left_middle,B,return,0.29999995,1.48022783,-0.04496879,-0.00876560,0.01977217
WORKER,0.11276144,0.49087384,0.218750,leg_left_hind,A,stance,0.26874998,1.50000000,0.12309380,0.00876559,0.00000000
WORKER,0.11276144,0.49087384,0.218750,leg_right_front,B,return,-0.26874995,1.48022783,-0.24809378,-0.00876559,0.01977217
WORKER,0.11276144,0.49087384,0.218750,leg_right_middle,A,stance,-0.29999995,1.50000000,-0.08003121,0.00876560,0.00000000
WORKER,0.11276144,0.49087384,0.218750,leg_right_hind,B,return,-0.26875001,1.48022783,0.15815620,-0.00876561,0.01977217
WORKER,0.11276144,0.52593625,0.234375,leg_left_front,A,stance,0.26875001,1.50000000,-0.27439061,0.00876558,0.00000000
WORKER,0.11276144,0.52593625,0.234375,leg_left_middle,B,return,0.30000001,1.47993755,-0.05373439,-0.00876560,0.02006245
WORKER,0.11276144,0.52593625,0.234375,leg_left_hind,A,stance,0.26875001,1.50000000,0.13185939,0.00876559,0.00000000
WORKER,0.11276144,0.52593625,0.234375,leg_right_front,B,return,-0.26875004,1.47993755,-0.25685939,-0.00876561,0.02006245
WORKER,0.11276144,0.52593625,0.234375,leg_right_middle,A,stance,-0.29999995,1.50000000,-0.07126561,0.00876560,0.00000000
WORKER,0.11276144,0.52593625,0.234375,leg_right_hind,B,return,-0.26875001,1.47993767,0.14939061,-0.00876559,0.02006233
WORKER,0.11276144,0.56099868,0.250000,leg_left_front,A,stance,0.26875001,1.50000000,-0.26562500,0.00876561,0.00000000
WORKER,0.11276144,0.56099868,0.250000,leg_left_middle,B,return,0.30000001,1.47984040,-0.06250000,-0.00876560,0.02015960
WORKER,0.11276144,0.56099868,0.250000,leg_left_hind,A,stance,0.26875001,1.50000000,0.14062500,0.00876561,0.00000000
WORKER,0.11276144,0.56099868,0.250000,leg_right_front,B,return,-0.26874998,1.47984052,-0.26562500,-0.00876561,0.02015948
WORKER,0.11276144,0.56099868,0.250000,leg_right_middle,A,stance,-0.29999998,1.50000000,-0.06250000,0.00876561,0.00000000
WORKER,0.11276144,0.56099868,0.250000,leg_right_hind,B,return,-0.26874998,1.47984052,0.14062500,-0.00876561,0.02015948
WORKER,0.11276144,0.59606111,0.265625,leg_left_front,A,stance,0.26875001,1.50000000,-0.25685939,0.00876561,0.00000000
WORKER,0.11276144,0.59606111,0.265625,leg_left_middle,B,return,0.30000001,1.47993755,-0.07126560,-0.00876560,0.02006245
WORKER,0.11276144,0.59606111,0.265625,leg_left_hind,A,stance,0.26875001,1.50000000,0.14939061,0.00876561,0.00000000
WORKER,0.11276144,0.59606111,0.265625,leg_right_front,B,return,-0.26875001,1.47993767,-0.27439061,-0.00876561,0.02006233
WORKER,0.11276144,0.59606111,0.265625,leg_right_middle,A,stance,-0.29999995,1.50000000,-0.05373440,0.00876560,0.00000000
WORKER,0.11276144,0.59606111,0.265625,leg_right_hind,B,return,-0.26875004,1.47993755,0.13185939,-0.00876561,0.02006245
WORKER,0.11276144,0.63112354,0.281250,leg_left_front,A,stance,0.26874998,1.50000000,-0.24809380,0.00876559,0.00000000
WORKER,0.11276144,0.63112354,0.281250,leg_left_middle,B,return,0.29999995,1.48022783,-0.08003122,-0.00876562,0.01977217
WORKER,0.11276144,0.63112354,0.281250,leg_left_hind,A,stance,0.26875001,1.50000000,0.15815622,0.00876561,0.00000000
WORKER,0.11276144,0.63112354,0.281250,leg_right_front,B,return,-0.26875001,1.48022783,-0.28315619,-0.00876558,0.01977217
WORKER,0.11276144,0.63112354,0.281250,leg_right_middle,A,stance,-0.29999995,1.50000000,-0.04496879,0.00876560,0.00000000
WORKER,0.11276144,0.63112354,0.281250,leg_right_hind,B,return,-0.26874995,1.48022783,0.12309378,-0.00876562,0.01977217
WORKER,0.11276144,0.66618592,0.296875,leg_left_front,A,stance,0.26875004,1.50000012,-0.23932821,0.00876559,-0.00000012
WORKER,0.11276144,0.66618592,0.296875,leg_left_middle,B,return,0.29999998,1.48070848,-0.08879680,-0.00876559,0.01929152
WORKER,0.11276144,0.66618592,0.296875,leg_left_hind,A,stance,0.26875001,1.50000000,0.16692182,0.00876561,0.00000000
WORKER,0.11276144,0.66618592,0.296875,leg_right_front,B,return,-0.26874998,1.48070848,-0.29192182,-0.00876564,0.01929152
WORKER,0.11276144,0.66618592,0.296875,leg_right_middle,A,stance,-0.30000004,1.50000000,-0.03620319,0.00876560,0.00000000
WORKER,0.11276144,0.66618592,0.296875,leg_right_hind,B,return,-0.26875001,1.48070848,0.11432820,-0.00876558,0.01929152
WORKER,0.11276144,0.70124835,0.312500,leg_left_front,A,stance,0.26875001,1.50000012,-0.23056258,0.00876562,-0.00000012
WORKER,0.11276144,0.70124835,0.312500,leg_left_middle,B,return,0.30000001,1.48137498,-0.09756242,-0.00876562,0.01862502
WORKER,0.11276144,0.70124835,0.312500,leg_left_hind,A,stance,0.26874998,1.50000000,0.17568740,0.00876558,0.00000000
WORKER,0.11276144,0.70124835,0.312500,leg_right_front,B,return,-0.26874995,1.48137498,-0.30068740,-0.00876558,0.01862502
WORKER,0.11276144,0.70124835,0.312500,leg_right_middle,A,stance,-0.29999998,1.50000000,-0.02743758,0.00876561,0.00000000
WORKER,0.11276144,0.70124835,0.312500,leg_right_hind,B,return,-0.26875001,1.48137510,0.10556259,-0.00876561,0.01862490
WORKER,0.11276144,0.73631078,0.328125,leg_left_front,A,stance,0.26875001,1.50000000,-0.22179697,0.00876561,0.00000000
WORKER,0.11276144,0.73631078,0.328125,leg_left_middle,B,return,0.29999998,1.48222089,-0.10632803,-0.00876561,0.01777911
WORKER,0.11276144,0.73631078,0.328125,leg_left_hind,A,stance,0.26874995,1.50000000,0.18445301,0.00876561,0.00000000
WORKER,0.11276144,0.73631078,0.328125,leg_right_front,B,return,-0.26874995,1.48222089,-0.30945301,-0.00876561,0.01777911
WORKER,0.11276144,0.73631078,0.328125,leg_right_middle,A,stance,-0.29999995,1.50000012,-0.01867199,0.00876560,-0.00000012
WORKER,0.11276144,0.73631078,0.328125,leg_right_hind,B,return,-0.26875001,1.48222089,0.09679698,-0.00876561,0.01777911
WORKER,0.11276144,0.77137315,0.343750,leg_left_front,A,stance,0.26874995,1.50000000,-0.21303140,0.00876558,0.00000000
WORKER,0.11276144,0.77137315,0.343750,leg_left_middle,B,return,0.29999998,1.48323810,-0.11509362,-0.00876559,0.01676190
WORKER,0.11276144,0.77137315,0.343750,leg_left_hind,A,stance,0.26874995,1.50000000,0.19321857,0.00876556,0.00000000
WORKER,0.11276144,0.77137315,0.343750,leg_right_front,B,return,-0.26874995,1.48323798,-0.31821862,-0.00876561,0.01676202
WORKER,0.11276144,0.77137315,0.343750,leg_right_middle,A,stance,-0.29999998,1.50000000,-0.00990638,0.00876560,0.00000000
WORKER,0.11276144,0.77137315,0.343750,leg_right_hind,B,return,-0.26874998,1.48323798,0.08803139,-0.00876559,0.01676202
WORKER,0.11276144,0.80643559,0.359375,leg_left_front,A,stance,0.26874998,1.50000000,-0.20426579,0.00876561,0.00000000
WORKER,0.11276144,0.80643559,0.359375,leg_left_middle,B,return,0.29999998,1.48441648,-0.12385920,-0.00876559,0.01558352
WORKER,0.11276144,0.80643559,0.359375,leg_left_hind,A,stance,0.26875004,1.50000012,0.20198426,0.00876568,-0.00000012
WORKER,0.11276144,0.80643559,0.359375,leg_right_front,B,return,-0.26875004,1.48441648,-0.32698426,-0.00876564,0.01558352
WORKER,0.11276144,0.80643559,0.359375,leg_right_middle,A,stance,-0.30000001,1.50000000,-0.00114077,0.00876561,0.00000000
WORKER,0.11276144,0.80643559,0.359375,leg_right_hind,B,return,-0.26875004,1.48441648,0.07926578,-0.00876561,0.01558352
WORKER,0.11276144,0.84149802,0.375000,leg_left_front,A,stance,0.26874998,1.50000000,-0.19550015,0.00876564,0.00000000
WORKER,0.11276144,0.84149802,0.375000,leg_left_middle,B,return,0.29999998,1.48574507,-0.13262482,-0.00876562,0.01425493
WORKER,0.11276144,0.84149802,0.375000,leg_left_hind,A,stance,0.26875001,1.50000000,0.21074980,0.00876555,0.00000000
WORKER,0.11276144,0.84149802,0.375000,leg_right_front,B,return,-0.26874998,1.48574507,-0.33574980,-0.00876555,0.01425493
WORKER,0.11276144,0.84149802,0.375000,leg_right_middle,A,stance,-0.29999998,1.50000012,0.00762484,0.00876561,-0.00000012
WORKER,0.11276144,0.84149802,0.375000,leg_right_hind,B,return,-0.26875004,1.48574507,0.07050017,-0.00876562,0.01425493
WORKER,0.11276144,0.87656045,0.390625,leg_left_front,A,stance,0.26875001,1.49999988,-0.18673456,0.00876559,0.00000012
WORKER,0.11276144,0.87656045,0.390625,leg_left_middle,B,return,0.30000001,1.48721099,-0.14139044,-0.00876562,0.01278901
WORKER,0.11276144,0.87656045,0.390625,leg_left_hind,A,stance,0.26875001,1.50000000,0.21951546,0.00876565,0.00000000
WORKER,0.11276144,0.87656045,0.390625,leg_right_front,B,return,-0.26874998,1.48721099,-0.34451544,-0.00876564,0.01278901
WORKER,0.11276144,0.87656045,0.390625,leg_right_middle,A,stance,-0.30000004,1.50000000,0.01639046,0.00876563,0.00000000
WORKER,0.11276144,0.87656045,0.390625,leg_right_hind,B,return,-0.26875004,1.48721087,0.06173456,-0.00876561,0.01278913
WORKER,0.11276144,0.91162288,0.406250,leg_left_front,A,stance,0.26874998,1.49999988,-0.17796895,0.00876561,0.00000012
WORKER,0.11276144,0.91162288,0.406250,leg_left_middle,B,return,0.30000004,1.48879993,-0.15015605,-0.00876561,0.01120007
WORKER,0.11276144,0.91162288,0.406250,leg_left_hind,A,stance,0.26875001,1.50000000,0.22828107,0.00876561,0.00000000
WORKER,0.11276144,0.91162288,0.406250,leg_right_front,B,return,-0.26874998,1.48880017,-0.35328108,-0.00876564,0.01119983
WORKER,0.11276144,0.91162288,0.406250,leg_right_middle,A,stance,-0.30000004,1.50000000,0.02515605,0.00876559,0.00000000
WORKER,0.11276144,0.91162288,0.406250,leg_right_hind,B,return,-0.26874998,1.48879993,0.05296895,-0.00876561,0.01120007
WORKER,0.11276144,0.94668525,0.421875,leg_left_front,A,stance,0.26875001,1.50000000,-0.16920336,0.00876559,0.00000000
WORKER,0.11276144,0.94668525,0.421875,leg_left_middle,B,return,0.30000001,1.49049687,-0.15892164,-0.00876559,0.00950313
WORKER,0.11276144,0.94668525,0.421875,leg_left_hind,A,stance,0.26875001,1.50000000,0.23704667,0.00876561,0.00000000
WORKER,0.11276144,0.94668525,0.421875,leg_right_front,B,return,-0.26875001,1.49049675,-0.36204669,-0.00876561,0.00950325
WORKER,0.11276144,0.94668525,0.421875,leg_right_middle,A,stance,-0.30000001,1.50000000,0.03392164,0.00876558,0.00000000
WORKER,0.11276144,0.94668525,0.421875,leg_right_hind,B,return,-0.26875001,1.49049687,0.04420335,-0.00876560,0.00950313
WORKER,0.11276144,0.98174769,0.437500,leg_left_front,A,stance,0.26875001,1.50000000,-0.16043775,0.00876561,0.00000000
WORKER,0.11276144,0.98174769,0.437500,leg_left_middle,B,return,0.29999998,1.49228525,-0.16768724,-0.00876559,0.00771475
WORKER,0.11276144,0.98174769,0.437500,leg_left_hind,A,stance,0.26874995,1.50000000,0.24581224,0.00876556,0.00000000
WORKER,0.11276144,0.98174769,0.437500,leg_right_front,B,return,-0.26874998,1.49228525,-0.37081227,-0.00876558,0.00771475
WORKER,0.11276144,0.98174769,0.437500,leg_right_middle,A,stance,-0.30000001,1.50000012,0.04268725,0.00876562,-0.00000012
WORKER,0.11276144,0.98174769,0.437500,leg_right_hind,B,return,-0.26875001,1.49228525,0.03543775,-0.00876560,0.00771475
WORKER,0.11276144,1.01681006,0.453125,leg_left_front,A,stance,0.26874998,1.50000000,-0.15167215,0.00876559,0.00000000
WORKER,0.11276144,1.01681006,0.453125,leg_left_middle,B,return,0.30000001,1.49414802,-0.17645286,-0.00876562,0.00585198
WORKER,0.11276144,1.01681006,0.453125,leg_left_hind,A,stance,0.26875001,1.50000012,0.25457785,0.00876561,-0.00000012
WORKER,0.11276144,1.01681006,0.453125,leg_right_front,B,return,-0.26874998,1.49414802,-0.37957785,-0.00876558,0.00585198
WORKER,0.11276144,1.01681006,0.453125,leg_right_middle,A,stance,-0.29999998,1.50000000,0.05145286,0.00876560,0.00000000
WORKER,0.11276144,1.01681006,0.453125,leg_right_hind,B,return,-0.26874998,1.49414802,0.02667215,-0.00876560,0.00585198
WORKER,0.11276144,1.05187249,0.468750,leg_left_front,A,stance,0.26874998,1.50000000,-0.14290655,0.00876561,0.00000000
WORKER,0.11276144,1.05187249,0.468750,leg_left_middle,B,return,0.29999992,1.49606717,-0.18521844,-0.00876558,0.00393283
WORKER,0.11276144,1.05187249,0.468750,leg_left_hind,A,stance,0.26874995,1.50000000,0.26334345,0.00876561,0.00000000
WORKER,0.11276144,1.05187249,0.468750,leg_right_front,B,return,-0.26874998,1.49606717,-0.38834342,-0.00876558,0.00393283
WORKER,0.11276144,1.05187249,0.468750,leg_right_middle,A,stance,-0.30000001,1.50000000,0.06021846,0.00876561,0.00000000
WORKER,0.11276144,1.05187249,0.468750,leg_right_hind,B,return,-0.26874998,1.49606705,0.01790655,-0.00876561,0.00393295
WORKER,0.11276144,1.08693492,0.484375,leg_left_front,A,stance,0.26874998,1.50000000,-0.13414095,0.00876559,0.00000000
WORKER,0.11276144,1.08693492,0.484375,leg_left_middle,B,return,0.30000001,1.49802411,-0.19398406,-0.00876562,0.00197589
WORKER,0.11276144,1.08693492,0.484375,leg_left_hind,A,stance,0.26874998,1.50000000,0.27210903,0.00876558,0.00000000
WORKER,0.11276144,1.08693492,0.484375,leg_right_front,B,return,-0.26874998,1.49802399,-0.39710906,-0.00876564,0.00197601
WORKER,0.11276144,1.08693492,0.484375,leg_right_middle,A,stance,-0.30000001,1.50000000,0.06898406,0.00876560,0.00000000
WORKER,0.11276144,1.08693492,0.484375,leg_right_hind,B,return,-0.26874998,1.49802399,0.00914094,-0.00876561,0.00197601
WORKER,0.11276144,1.12199736,0.500000,leg_left_front,A,stance,0.26874998,1.50000000,-0.12537535,0.00876561,0.00000000
WORKER,0.11276144,1.12199736,0.500000,leg_left_middle,B,return,0.29999998,1.50000000,-0.20274965,-0.00876559,0.00000000
WORKER,0.11276144,1.12199736,0.500000,leg_left_hind,A,stance,0.26875001,1.50000000,0.28087464,0.00876561,0.00000000
WORKER,0.11276144,1.12199736,0.500000,leg_right_front,B,return,-0.26875001,1.50000000,-0.40587464,-0.00876558,0.00000000
WORKER,0.11276144,1.12199736,0.500000,leg_right_middle,A,stance,-0.29999998,1.50000000,0.07774965,0.00876559,0.00000000
WORKER,0.11276144,1.12199736,0.500000,leg_right_hind,B,return,-0.26874998,1.50000000,0.00037534,-0.00876560,0.00000000
WORKER,0.11276144,1.15705979,0.515625,leg_left_front,A,return,0.26874998,1.49802399,-0.13414094,-0.00876559,0.00197601
WORKER,0.11276144,1.15705979,0.515625,leg_left_middle,B,stance,0.30000001,1.50000000,-0.19398406,0.00876559,0.00000000
WORKER,0.11276144,1.15705979,0.515625,leg_left_hind,A,return,0.26874998,1.49802399,0.27210906,-0.00876558,0.00197601
WORKER,0.11276144,1.15705979,0.515625,leg_right_front,B,stance,-0.26874998,1.50000000,-0.39710903,0.00876561,0.00000000
WORKER,0.11276144,1.15705979,0.515625,leg_right_middle,A,return,-0.30000001,1.49802411,0.06898406,-0.00876559,0.00197589
WORKER,0.11276144,1.15705979,0.515625,leg_right_hind,B,stance,-0.26874998,1.50000000,0.00914094,0.00876560,0.00000000
WORKER,0.11276144,1.19212222,0.531250,leg_left_front,A,return,0.26874998,1.49606705,-0.14290655,-0.00876561,0.00393295
WORKER,0.11276144,1.19212222,0.531250,leg_left_middle,B,stance,0.30000001,1.50000000,-0.18521847,0.00876559,0.00000000
WORKER,0.11276144,1.19212222,0.531250,leg_left_hind,A,return,0.26874998,1.49606717,0.26334342,-0.00876564,0.00393283
WORKER,0.11276144,1.19212222,0.531250,leg_right_front,B,stance,-0.26874995,1.50000000,-0.38834345,0.00876558,0.00000000
WORKER,0.11276144,1.19212222,0.531250,leg_right_middle,A,return,-0.29999992,1.49606717,0.06021845,-0.00876561,0.00393283
WORKER,0.11276144,1.19212222,0.531250,leg_right_hind,B,stance,-0.26874998,1.50000000,0.01790654,0.00876560,0.00000000
WORKER,0.11276144,1.22718465,0.546875,leg_left_front,A,return,0.26874998,1.49414802,-0.15167215,-0.00876561,0.00585198
WORKER,0.11276144,1.22718465,0.546875,leg_left_middle,B,stance,0.29999998,1.50000000,-0.17645288,0.00876559,0.00000000
WORKER,0.11276144,1.22718465,0.546875,leg_left_hind,A,return,0.26874998,1.49414802,0.25457785,-0.00876558,0.00585198
WORKER,0.11276144,1.22718465,0.546875,leg_right_front,B,stance,-0.26875001,1.50000012,-0.37957785,0.00876561,-0.00000012
WORKER,0.11276144,1.22718465,0.546875,leg_right_middle,A,return,-0.30000001,1.49414802,0.05145287,-0.00876558,0.00585198
WORKER,0.11276144,1.22718465,0.546875,leg_right_hind,B,stance,-0.26874998,1.50000000,0.02667215,0.00876561,0.00000000
WORKER,0.11276144,1.26224709,0.562500,leg_left_front,A,return,0.26875001,1.49228525,-0.16043775,-0.00876559,0.00771475
WORKER,0.11276144,1.26224709,0.562500,leg_left_middle,B,stance,0.30000001,1.50000012,-0.16768725,0.00876562,-0.00000012
WORKER,0.11276144,1.26224709,0.562500,leg_left_hind,A,return,0.26874998,1.49228525,0.24581224,-0.00876561,0.00771475
WORKER,0.11276144,1.26224709,0.562500,leg_right_front,B,stance,-0.26874995,1.50000000,-0.37081224,0.00876561,0.00000000
WORKER,0.11276144,1.26224709,0.562500,leg_right_middle,A,return,-0.29999998,1.49228525,0.04268723,-0.00876563,0.00771475
WORKER,0.11276144,1.26224709,0.562500,leg_right_hind,B,stance,-0.26875001,1.50000000,0.03543776,0.00876561,0.00000000
WORKER,0.11276144,1.29730940,0.578125,leg_left_front,A,return,0.26875001,1.49049687,-0.16920333,-0.00876558,0.00950313
WORKER,0.11276144,1.29730940,0.578125,leg_left_middle,B,stance,0.30000001,1.50000000,-0.15892166,0.00876559,0.00000000
WORKER,0.11276144,1.29730940,0.578125,leg_left_hind,A,return,0.26875001,1.49049675,0.23704669,-0.00876555,0.00950325
WORKER,0.11276144,1.29730940,0.578125,leg_right_front,B,stance,-0.26875001,1.50000000,-0.36204672,0.00876552,0.00000000
WORKER,0.11276144,1.29730940,0.578125,leg_right_middle,A,return,-0.29999998,1.49049687,0.03392166,-0.00876558,0.00950313
WORKER,0.11276144,1.29730940,0.578125,leg_right_hind,B,stance,-0.26875001,1.50000000,0.04420333,0.00876558,0.00000000
WORKER,0.11276144,1.33237183,0.593750,leg_left_front,A,return,0.26874998,1.48879993,-0.17796895,-0.00876562,0.01120007
WORKER,0.11276144,1.33237183,0.593750,leg_left_middle,B,stance,0.30000004,1.50000000,-0.15015605,0.00876561,0.00000000
WORKER,0.11276144,1.33237183,0.593750,leg_left_hind,A,return,0.26874998,1.48880017,0.22828107,-0.00876562,0.01119983
WORKER,0.11276144,1.33237183,0.593750,leg_right_front,B,stance,-0.26875001,1.50000000,-0.35328105,0.00876567,0.00000000
WORKER,0.11276144,1.33237183,0.593750,leg_right_middle,A,return,-0.30000004,1.48879993,0.02515606,-0.00876560,0.01120007
WORKER,0.11276144,1.33237183,0.593750,leg_right_hind,B,stance,-0.26874998,1.49999988,0.05296894,0.00876561,0.00000012
WORKER,0.11276144,1.36743426,0.609375,leg_left_front,A,return,0.26875004,1.48721087,-0.18673454,-0.00876559,0.01278913
WORKER,0.11276144,1.36743426,0.609375,leg_left_middle,B,stance,0.30000001,1.50000000,-0.14139047,0.00876558,0.00000000
WORKER,0.11276144,1.36743426,0.609375,leg_left_hind,A,return,0.26874998,1.48721099,0.21951541,-0.00876565,0.01278901
WORKER,0.11276144,1.36743426,0.609375,leg_right_front,B,stance,-0.26875001,1.50000000,-0.34451544,0.00876561,0.00000000
WORKER,0.11276144,1.36743426,0.609375,leg_right_middle,A,return,-0.30000001,1.48721099,0.01639046,-0.00876560,0.01278901
WORKER,0.11276144,1.36743426,0.609375,leg_right_hind,B,stance,-0.26875001,1.49999988,0.06173455,0.00876561,0.00000012
WORKER,0.11276144,1.40249670,0.625000,leg_left_front,A,return,0.26875004,1.48574507,-0.19550015,-0.00876561,0.01425493
WORKER,0.11276144,1.40249670,0.625000,leg_left_middle,B,stance,0.29999998,1.50000012,-0.13262483,0.00876564,-0.00000012
WORKER,0.11276144,1.40249670,0.625000,leg_left_hind,A,return,0.26874998,1.48574507,0.21074982,-0.00876559,0.01425493
WORKER,0.11276144,1.40249670,0.625000,leg_right_front,B,stance,-0.26875001,1.50000000,-0.33574980,0.00876564,0.00000000
WORKER,0.11276144,1.40249670,0.625000,leg_right_middle,A,return,-0.29999998,1.48574507,0.00762483,-0.00876563,0.01425493
WORKER,0.11276144,1.40249670,0.625000,leg_right_hind,B,stance,-0.26874998,1.50000000,0.07050016,0.00876560,0.00000000
WORKER,0.11276144,1.43755913,0.640625,leg_left_front,A,return,0.26875001,1.48441648,-0.20426576,-0.00876561,0.01558352
WORKER,0.11276144,1.43755913,0.640625,leg_left_middle,B,stance,0.30000001,1.50000000,-0.12385924,0.00876559,0.00000000
WORKER,0.11276144,1.43755913,0.640625,leg_left_hind,A,return,0.26875004,1.48441648,0.20198424,-0.00876558,0.01558352
WORKER,0.11276144,1.43755913,0.640625,leg_right_front,B,stance,-0.26875004,1.50000012,-0.32698423,0.00876558,-0.00000012
WORKER,0.11276144,1.43755913,0.640625,leg_right_middle,A,return,-0.29999998,1.48441648,-0.00114078,-0.00876560,0.01558352
WORKER,0.11276144,1.43755913,0.640625,leg_right_hind,B,stance,-0.26874998,1.50000000,0.07926577,0.00876561,0.00000000
WORKER,0.11276144,1.47262156,0.656250,leg_left_front,A,return,0.26875004,1.48323798,-0.21303137,-0.00876561,0.01676202
WORKER,0.11276144,1.47262156,0.656250,leg_left_middle,B,stance,0.29999998,1.50000000,-0.11509363,0.00876562,0.00000000
WORKER,0.11276144,1.47262156,0.656250,leg_left_hind,A,return,0.26874995,1.48323798,0.19321863,-0.00876561,0.01676202
WORKER,0.11276144,1.47262156,0.656250,leg_right_front,B,stance,-0.26874995,1.50000000,-0.31821856,0.00876567,0.00000000
WORKER,0.11276144,1.47262156,0.656250,leg_right_middle,A,return,-0.29999998,1.48323810,-0.00990637,-0.00876560,0.01676190
WORKER,0.11276144,1.47262156,0.656250,leg_right_hind,B,stance,-0.26875001,1.50000000,0.08803137,0.00876561,0.00000000
WORKER,0.11276144,1.50768399,0.671875,leg_left_front,A,return,0.26875001,1.48222089,-0.22179699,-0.00876562,0.01777911
WORKER,0.11276144,1.50768399,0.671875,leg_left_middle,B,stance,0.29999995,1.50000012,-0.10632801,0.00876562,-0.00000012
WORKER,0.11276144,1.50768399,0.671875,leg_left_hind,A,return,0.26874995,1.48222089,0.18445301,-0.00876562,0.01777911
WORKER,0.11276144,1.50768399,0.671875,leg_right_front,B,stance,-0.26874995,1.50000000,-0.30945301,0.00876555,0.00000000
WORKER,0.11276144,1.50768399,0.671875,leg_right_middle,A,return,-0.29999998,1.48222089,-0.01867198,-0.00876561,0.01777911
WORKER,0.11276144,1.50768399,0.671875,leg_right_hind,B,stance,-0.26875001,1.50000000,0.09679699,0.00876562,0.00000000
WORKER,0.11276144,1.54274631,0.687500,leg_left_front,A,return,0.26875001,1.48137510,-0.23056255,-0.00876556,0.01862490
WORKER,0.11276144,1.54274631,0.687500,leg_left_middle,B,stance,0.29999998,1.50000000,-0.09756245,0.00876556,0.00000000
WORKER,0.11276144,1.54274631,0.687500,leg_left_hind,A,return,0.26874998,1.48137498,0.17568743,-0.00876558,0.01862502
WORKER,0.11276144,1.54274631,0.687500,leg_right_front,B,stance,-0.26874998,1.50000000,-0.30068743,0.00876558,0.00000000
WORKER,0.11276144,1.54274631,0.687500,leg_right_middle,A,return,-0.30000001,1.48137498,-0.02743756,-0.00876557,0.01862502
WORKER,0.11276144,1.54274631,0.687500,leg_right_hind,B,stance,-0.26875001,1.50000012,0.10556257,0.00876558,-0.00000012
WORKER,0.11276144,1.57780874,0.703125,leg_left_front,A,return,0.26875001,1.48070848,-0.23932818,-0.00876562,0.01929152
WORKER,0.11276144,1.57780874,0.703125,leg_left_middle,B,stance,0.30000004,1.50000000,-0.08879683,0.00876562,0.00000000
WORKER,0.11276144,1.57780874,0.703125,leg_left_hind,A,return,0.26874998,1.48070848,0.16692184,-0.00876559,0.01929152
WORKER,0.11276144,1.57780874,0.703125,leg_right_front,B,stance,-0.26875004,1.50000000,-0.29192188,0.00876555,0.00000000
WORKER,0.11276144,1.57780874,0.703125,leg_right_middle,A,return,-0.29999998,1.48070848,-0.03620317,-0.00876562,0.01929152
WORKER,0.11276144,1.57780874,0.703125,leg_right_hind,B,stance,-0.26875004,1.50000012,0.11432818,0.00876562,-0.00000012
WORKER,0.11276144,1.61287117,0.718750,leg_left_front,A,return,0.26874998,1.48022783,-0.24809377,-0.00876559,0.01977217
WORKER,0.11276144,1.61287117,0.718750,leg_left_middle,B,stance,0.29999995,1.50000000,-0.08003122,0.00876561,0.00000000
WORKER,0.11276144,1.61287117,0.718750,leg_left_hind,A,return,0.26875001,1.48022783,0.15815623,-0.00876561,0.01977217
WORKER,0.11276144,1.61287117,0.718750,leg_right_front,B,stance,-0.26875001,1.50000000,-0.28315622,0.00876567,0.00000000
WORKER,0.11276144,1.61287117,0.718750,leg_right_middle,A,return,-0.29999995,1.48022783,-0.04496877,-0.00876560,0.01977217
WORKER,0.11276144,1.61287117,0.718750,leg_right_hind,B,stance,-0.26875004,1.50000000,0.12309380,0.00876562,0.00000000
WORKER,0.11276144,1.64793360,0.734375,leg_left_front,A,return,0.26875004,1.47993755,-0.25685939,-0.00876562,0.02006245
WORKER,0.11276144,1.64793360,0.734375,leg_left_middle,B,stance,0.29999995,1.50000000,-0.07126561,0.00876562,0.00000000
WORKER,0.11276144,1.64793360,0.734375,leg_left_hind,A,return,0.26875001,1.47993767,0.14939061,-0.00876562,0.02006233
WORKER,0.11276144,1.64793360,0.734375,leg_right_front,B,stance,-0.26875004,1.50000000,-0.27439064,0.00876558,0.00000000
WORKER,0.11276144,1.64793360,0.734375,leg_right_middle,A,return,-0.30000001,1.47993755,-0.05373438,-0.00876561,0.02006245
WORKER,0.11276144,1.64793360,0.734375,leg_right_hind,B,stance,-0.26875001,1.50000000,0.13185939,0.00876559,0.00000000
WORKER,0.11276144,1.68299603,0.750000,leg_left_front,A,return,0.26874998,1.47984052,-0.26562500,-0.00876561,0.02015948
WORKER,0.11276144,1.68299603,0.750000,leg_left_middle,B,stance,0.29999998,1.50000000,-0.06250001,0.00876560,0.00000000
WORKER,0.11276144,1.68299603,0.750000,leg_left_hind,A,return,0.26874998,1.47984052,0.14062501,-0.00876559,0.02015948
WORKER,0.11276144,1.68299603,0.750000,leg_right_front,B,stance,-0.26875001,1.50000000,-0.26562500,0.00876564,0.00000000
WORKER,0.11276144,1.68299603,0.750000,leg_right_middle,A,return,-0.30000001,1.47984040,-0.06249999,-0.00876561,0.02015960
WORKER,0.11276144,1.68299603,0.750000,leg_right_hind,B,stance,-0.26875001,1.50000000,0.14062500,0.00876561,0.00000000
WORKER,0.11276144,1.71805847,0.765625,leg_left_front,A,return,0.26875001,1.47993767,-0.27439061,-0.00876561,0.02006233
WORKER,0.11276144,1.71805847,0.765625,leg_left_middle,B,stance,0.29999995,1.50000000,-0.05373440,0.00876561,0.00000000
WORKER,0.11276144,1.71805847,0.765625,leg_left_hind,A,return,0.26875004,1.47993755,0.13185939,-0.00876562,0.02006245
WORKER,0.11276144,1.71805847,0.765625,leg_right_front,B,stance,-0.26875001,1.50000000,-0.25685939,0.00876561,0.00000000
WORKER,0.11276144,1.71805847,0.765625,leg_right_middle,A,return,-0.30000001,1.47993755,-0.07126560,-0.00876561,0.02006245
WORKER,0.11276144,1.71805847,0.765625,leg_right_hind,B,stance,-0.26875001,1.50000000,0.14939061,0.00876561,0.00000000
WORKER,0.11276144,1.75312090,0.781250,leg_left_front,A,return,0.26875001,1.48022783,-0.28315619,-0.00876558,0.01977217
WORKER,0.11276144,1.75312090,0.781250,leg_left_middle,B,stance,0.29999995,1.50000000,-0.04496880,0.00876560,0.00000000
WORKER,0.11276144,1.75312090,0.781250,leg_left_hind,A,return,0.26874995,1.48022783,0.12309378,-0.00876561,0.01977217
WORKER,0.11276144,1.75312090,0.781250,leg_right_front,B,stance,-0.26874998,1.50000000,-0.24809380,0.00876559,0.00000000
WORKER,0.11276144,1.75312090,0.781250,leg_right_middle,A,return,-0.29999995,1.48022783,-0.08003121,-0.00876561,0.01977217
WORKER,0.11276144,1.75312090,0.781250,leg_right_hind,B,stance,-0.26875001,1.50000000,0.15815622,0.00876561,0.00000000
WORKER,0.11276144,1.78818333,0.796875,leg_left_front,A,return,0.26874998,1.48070848,-0.29192182,-0.00876564,0.01929152
WORKER,0.11276144,1.78818333,0.796875,leg_left_middle,B,stance,0.30000004,1.50000000,-0.03620318,0.00876562,0.00000000
WORKER,0.11276144,1.78818333,0.796875,leg_left_hind,A,return,0.26875001,1.48070848,0.11432818,-0.00876561,0.01929152
WORKER,0.11276144,1.78818333,0.796875,leg_right_front,B,stance,-0.26875004,1.50000012,-0.23932819,0.00876561,-0.00000012
WORKER,0.11276144,1.78818333,0.796875,leg_right_middle,A,return,-0.29999998,1.48070848,-0.08879681,-0.00876560,0.01929152
WORKER,0.11276144,1.78818333,0.796875,leg_right_hind,B,stance,-0.26875001,1.50000000,0.16692182,0.00876561,0.00000000
WORKER,0.11276144,1.82324576,0.812500,leg_left_front,A,return,0.26874998,1.48137498,-0.30068740,-0.00876558,0.01862502
WORKER,0.11276144,1.82324576,0.812500,leg_left_middle,B,stance,0.29999998,1.50000000,-0.02743758,0.00876561,0.00000000
WORKER,0.11276144,1.82324576,0.812500,leg_left_hind,A,return,0.26875001,1.48137510,0.10556258,-0.00876559,0.01862490
WORKER,0.11276144,1.82324576,0.812500,leg_right_front,B,stance,-0.26875001,1.50000012,-0.23056258,0.00876561,-0.00000012
WORKER,0.11276144,1.82324576,0.812500,leg_right_middle,A,return,-0.30000001,1.48137498,-0.09756242,-0.00876562,0.01862502
WORKER,0.11276144,1.82324576,0.812500,leg_right_hind,B,stance,-0.26874998,1.50000000,0.17568742,0.00876559,0.00000000
WORKER,0.11276144,1.85830808,0.828125,leg_left_front,A,return,0.26874995,1.48222089,-0.30945301,-0.00876561,0.01777911
WORKER,0.11276144,1.85830808,0.828125,leg_left_middle,B,stance,0.29999995,1.50000012,-0.01867201,0.00876557,-0.00000012
WORKER,0.11276144,1.85830808,0.828125,leg_left_hind,A,return,0.26875004,1.48222089,0.09679701,-0.00876557,0.01777911
WORKER,0.11276144,1.85830808,0.828125,leg_right_front,B,stance,-0.26875001,1.50000000,-0.22179700,0.00876558,0.00000000
WORKER,0.11276144,1.85830808,0.828125,leg_right_middle,A,return,-0.29999998,1.48222089,-0.10632800,-0.00876558,0.01777911
WORKER,0.11276144,1.85830808,0.828125,leg_right_hind,B,stance,-0.26874995,1.50000000,0.18445301,0.00876559,0.00000000
WORKER,0.11276144,1.89337051,0.843750,leg_left_front,A,return,0.26874995,1.48323798,-0.31821862,-0.00876561,0.01676202
WORKER,0.11276144,1.89337051,0.843750,leg_left_middle,B,stance,0.29999998,1.50000000,-0.00990639,0.00876562,0.00000000
WORKER,0.11276144,1.89337051,0.843750,leg_left_hind,A,return,0.26874998,1.48323798,0.08803139,-0.00876562,0.01676202
WORKER,0.11276144,1.89337051,0.843750,leg_right_front,B,stance,-0.26874995,1.50000000,-0.21303140,0.00876561,0.00000000
WORKER,0.11276144,1.89337051,0.843750,leg_right_middle,A,return,-0.29999998,1.48323810,-0.11509361,-0.00876561,0.01676190
WORKER,0.11276144,1.89337051,0.843750,leg_right_hind,B,stance,-0.26874995,1.50000000,0.19321857,0.00876556,0.00000000
WORKER,0.11276144,1.92843294,0.859375,leg_left_front,A,return,0.26875004,1.48441648,-0.32698426,-0.00876564,0.01558352
WORKER,0.11276144,1.92843294,0.859375,leg_left_middle,B,stance,0.30000001,1.50000000,-0.00114077,0.00876561,0.00000000
WORKER,0.11276144,1.92843294,0.859375,leg_left_hind,A,return,0.26875004,1.48441648,0.07926578,-0.00876561,0.01558352
WORKER,0.11276144,1.92843294,0.859375,leg_right_front,B,stance,-0.26874998,1.50000000,-0.20426579,0.00876561,0.00000000
WORKER,0.11276144,1.92843294,0.859375,leg_right_middle,A,return,-0.29999998,1.48441648,-0.12385920,-0.00876559,0.01558352
WORKER,0.11276144,1.92843294,0.859375,leg_right_hind,B,stance,-0.26875004,1.50000012,0.20198426,0.00876568,-0.00000012
WORKER,0.11276144,1.96349537,0.875000,leg_left_front,A,return,0.26874998,1.48574507,-0.33574980,-0.00876555,0.01425493
WORKER,0.11276144,1.96349537,0.875000,leg_left_middle,B,stance,0.29999998,1.50000012,0.00762483,0.00876560,-0.00000012
WORKER,0.11276144,1.96349537,0.875000,leg_left_hind,A,return,0.26875004,1.48574507,0.07050017,-0.00876561,0.01425493
WORKER,0.11276144,1.96349537,0.875000,leg_right_front,B,stance,-0.26874998,1.50000000,-0.19550017,0.00876562,0.00000000
WORKER,0.11276144,1.96349537,0.875000,leg_right_middle,A,return,-0.29999998,1.48574507,-0.13262482,-0.00876562,0.01425493
WORKER,0.11276144,1.96349537,0.875000,leg_right_hind,B,stance,-0.26875001,1.50000000,0.21074980,0.00876555,0.00000000
WORKER,0.11276144,1.99855781,0.890625,leg_left_front,A,return,0.26874998,1.48721099,-0.34451544,-0.00876564,0.01278901
WORKER,0.11276144,1.99855781,0.890625,leg_left_middle,B,stance,0.30000004,1.50000000,0.01639045,0.00876562,0.00000000
WORKER,0.11276144,1.99855781,0.890625,leg_left_hind,A,return,0.26875004,1.48721087,0.06173457,-0.00876560,0.01278913
WORKER,0.11276144,1.99855781,0.890625,leg_right_front,B,stance,-0.26875001,1.49999988,-0.18673457,0.00876559,0.00000012
WORKER,0.11276144,1.99855781,0.890625,leg_right_middle,A,return,-0.30000001,1.48721099,-0.14139044,-0.00876562,0.01278901
WORKER,0.11276144,1.99855781,0.890625,leg_right_hind,B,stance,-0.26875001,1.50000000,0.21951546,0.00876565,0.00000000
WORKER,0.11276144,2.03362012,0.906250,leg_left_front,A,return,0.26875004,1.48879993,-0.35328099,-0.00876555,0.01120007
WORKER,0.11276144,2.03362012,0.906250,leg_left_middle,B,stance,0.30000007,1.50000000,0.02515602,0.00876557,0.00000000
WORKER,0.11276144,2.03362012,0.906250,leg_left_hind,A,return,0.26874998,1.48879993,0.05296899,-0.00876558,0.01120007
WORKER,0.11276144,2.03362012,0.906250,leg_right_front,B,stance,-0.26874998,1.49999988,-0.17796899,0.00876558,0.00000012
WORKER,0.11276144,2.03362012,0.906250,leg_right_middle,A,return,-0.30000004,1.48879993,-0.15015602,-0.00876558,0.01120007
WORKER,0.11276144,2.03362012,0.906250,leg_right_hind,B,stance,-0.26875001,1.50000012,0.22828101,0.00876555,-0.00000012
WORKER,0.11276144,2.06868267,0.921875,leg_left_front,A,return,0.26875001,1.49049675,-0.36204669,-0.00876570,0.00950325
WORKER,0.11276144,2.06868267,0.921875,leg_left_middle,B,stance,0.30000001,1.50000000,0.03392164,0.00876561,0.00000000
WORKER,0.11276144,2.06868267,0.921875,leg_left_hind,A,return,0.26875001,1.49049687,0.04420334,-0.00876564,0.00950313
WORKER,0.11276144,2.06868267,0.921875,leg_right_front,B,stance,-0.26875001,1.50000000,-0.16920334,0.00876565,0.00000000
WORKER,0.11276144,2.06868267,0.921875,leg_right_middle,A,return,-0.29999998,1.49049687,-0.15892164,-0.00876562,0.00950313
WORKER,0.11276144,2.06868267,0.921875,leg_right_hind,B,stance,-0.26875001,1.50000000,0.23704670,0.00876570,0.00000000
WORKER,0.11276144,2.10374498,0.937500,leg_left_front,A,return,0.26874998,1.49228525,-0.37081221,-0.00876552,0.00771475
WORKER,0.11276144,2.10374498,0.937500,leg_left_middle,B,stance,0.30000001,1.50000012,0.04268723,0.00876560,-0.00000012
WORKER,0.11276144,2.10374498,0.937500,leg_left_hind,A,return,0.26875001,1.49228525,0.03543777,-0.00876557,0.00771475
WORKER,0.11276144,2.10374498,0.937500,leg_right_front,B,stance,-0.26875001,1.50000000,-0.16043778,0.00876556,0.00000000
WORKER,0.11276144,2.10374498,0.937500,leg_right_middle,A,return,-0.29999998,1.49228525,-0.16768724,-0.00876559,0.00771475
WORKER,0.11276144,2.10374498,0.937500,leg_right_hind,B,stance,-0.26874995,1.50000000,0.24581222,0.00876552,0.00000000
WORKER,0.11276144,2.13880754,0.953125,leg_left_front,A,return,0.26874998,1.49414802,-0.37957788,-0.00876567,0.00585198
WORKER,0.11276144,2.13880754,0.953125,leg_left_middle,B,stance,0.29999998,1.50000000,0.05145288,0.00876565,0.00000000
WORKER,0.11276144,2.13880754,0.953125,leg_left_hind,A,return,0.26874998,1.49414802,0.02667213,-0.00876564,0.00585198
WORKER,0.11276144,2.13880754,0.953125,leg_right_front,B,stance,-0.26874998,1.50000000,-0.15167212,0.00876565,0.00000000
WORKER,0.11276144,2.13880754,0.953125,leg_right_middle,A,return,-0.29999998,1.49414802,-0.17645286,-0.00876562,0.00585198
WORKER,0.11276144,2.13880754,0.953125,leg_right_hind,B,stance,-0.26874998,1.50000000,0.25457785,0.00876562,0.00000000
WORKER,0.11276144,2.17386985,0.968750,leg_left_front,A,return,0.26874998,1.49606717,-0.38834342,-0.00876555,0.00393283
WORKER,0.11276144,2.17386985,0.968750,leg_left_middle,B,stance,0.30000001,1.50000000,0.06021846,0.00876559,0.00000000
WORKER,0.11276144,2.17386985,0.968750,leg_left_hind,A,return,0.26874998,1.49606705,0.01790656,-0.00876558,0.00393295
WORKER,0.11276144,2.17386985,0.968750,leg_right_front,B,stance,-0.26874998,1.50000000,-0.14290656,0.00876556,0.00000000
WORKER,0.11276144,2.17386985,0.968750,leg_right_middle,A,return,-0.29999992,1.49606717,-0.18521842,-0.00876556,0.00393283
WORKER,0.11276144,2.17386985,0.968750,leg_right_hind,B,stance,-0.26874995,1.50000000,0.26334345,0.00876561,0.00000000
WORKER,0.11276144,2.20893240,0.984375,leg_left_front,A,return,0.26875001,1.49802399,-0.39710912,-0.00876570,0.00197601
WORKER,0.11276144,2.20893240,0.984375,leg_left_middle,B,stance,0.30000001,1.50000000,0.06898411,0.00876564,0.00000000
WORKER,0.11276144,2.20893240,0.984375,leg_left_hind,A,return,0.26874998,1.49802399,0.00914090,-0.00876565,0.00197601
WORKER,0.11276144,2.20893240,0.984375,leg_right_front,B,stance,-0.26875001,1.50000000,-0.13414091,0.00876565,0.00000000
WORKER,0.11276144,2.20893240,0.984375,leg_right_middle,A,return,-0.30000001,1.49802411,-0.19398408,-0.00876565,0.00197589
WORKER,0.11276144,2.20893240,0.984375,leg_right_hind,B,stance,-0.26874995,1.50000000,0.27210906,0.00876561,0.00000000
WORKER,0.11276144,2.24399471,1.000000,leg_left_front,A,return,0.26875001,1.50000000,-0.40587464,-0.00876552,0.00000000
WORKER,0.11276144,2.24399471,1.000000,leg_left_middle,B,stance,0.29999998,1.50000000,0.07774965,0.00876554,0.00000000
WORKER,0.11276144,2.24399471,1.000000,leg_left_hind,A,return,0.26874998,1.50000000,0.00037534,-0.00876557,0.00000000
WORKER,0.11276144,2.24399471,1.000000,leg_right_front,B,stance,-0.26874998,1.50000000,-0.12537535,0.00876556,0.00000000
WORKER,0.11276144,2.24399471,1.000000,leg_right_middle,A,return,-0.29999998,1.50000000,-0.20274965,-0.00876558,0.00000000
WORKER,0.11276144,2.24399471,1.000000,leg_right_hind,B,stance,-0.26875001,1.50000000,0.28087464,0.00876558,0.00000000
